fixture,candidate,component,intervals,estimate,previous_difference,absolute_reference_error,relative_reference_error,reference_available
axial_1,isotropic,individual_1,16,0.0015894661079997876,,3.2933839841168796e-05,0.021158469062854447,True
axial_1,isotropic,individual_1,32,0.001558478577852964,3.098753014682369e-05,1.9463096943451042e-06,0.0012504139709532606,True
axial_1,isotropic,individual_1,64,0.0015566513647497235,1.8272131032403844e-06,1.1909659110471982e-07,7.65140521279468e-05,True
axial_1,isotropic,individual_1,128,0.0015565396703044385,1.1169444528503526e-07,7.402145819684555e-09,4.755536374739799e-06,True
axial_1,isotropic,individual_1,256,0.0015565327301410006,6.940163437864355e-09,4.6198238182020013e-10,2.968023158085417e-07,True
axial_1,isotropic,individual_1,512,0.0015565322970223156,4.3311868501427764e-10,2.886369680592249e-11,1.8543590387668807e-08,True
axial_1,isotropic,individual_1,1024,0.0015565322699624398,2.7059875824450574e-11,1.8038209814719153e-12,1.1588715623646143e-09,True
axial_1,isotropic,individual_1,2048,0.0015565322682713548,1.691084989055569e-12,1.1273599241634624e-13,7.24276616184213e-11,True
axial_1,isotropic,union,16,0.0015894661079997876,,3.2933839841168796e-05,0.021158469062854447,True
axial_1,isotropic,union,32,0.001558478577852964,3.098753014682369e-05,1.9463096943451042e-06,0.0012504139709532606,True
axial_1,isotropic,union,64,0.0015566513647497235,1.8272131032403844e-06,1.1909659110471982e-07,7.65140521279468e-05,True
axial_1,isotropic,union,128,0.0015565396703044385,1.1169444528503526e-07,7.402145819684555e-09,4.755536374739799e-06,True
axial_1,isotropic,union,256,0.0015565327301410006,6.940163437864355e-09,4.6198238182020013e-10,2.968023158085417e-07,True
axial_1,isotropic,union,512,0.0015565322970223156,4.3311868501427764e-10,2.886369680592249e-11,1.8543590387668807e-08,True
axial_1,isotropic,union,1024,0.0015565322699624398,2.7059875824450574e-11,1.8038209814719153e-12,1.1588715623646143e-09,True
axial_1,isotropic,union,2048,0.0015565322682713548,1.691084989055569e-12,1.1273599241634624e-13,7.24276616184213e-11,True
axial_1,isotropic,maximum,16,0.0015894661079997876,,3.2933839841168796e-05,0.021158469062854447,True
axial_1,isotropic,maximum,32,0.001558478577852964,3.098753014682369e-05,1.9463096943451042e-06,0.0012504139709532606,True
axial_1,isotropic,maximum,64,0.0015566513647497235,1.8272131032403844e-06,1.1909659110471982e-07,7.65140521279468e-05,True
axial_1,isotropic,maximum,128,0.0015565396703044385,1.1169444528503526e-07,7.402145819684555e-09,4.755536374739799e-06,True
axial_1,isotropic,maximum,256,0.0015565327301410006,6.940163437864355e-09,4.6198238182020013e-10,2.968023158085417e-07,True
axial_1,isotropic,maximum,512,0.0015565322970223156,4.3311868501427764e-10,2.886369680592249e-11,1.8543590387668807e-08,True
axial_1,isotropic,maximum,1024,0.0015565322699624398,2.7059875824450574e-11,1.8038209814719153e-12,1.1588715623646143e-09,True
axial_1,isotropic,maximum,2048,0.0015565322682713548,1.691084989055569e-12,1.1273599241634624e-13,7.24276616184213e-11,True
axial_1,expanding,individual_1,16,0.0,,0.0,,True
axial_1,expanding,individual_1,32,0.0,0.0,0.0,,True
axial_1,expanding,individual_1,64,0.0,0.0,0.0,,True
axial_1,expanding,individual_1,128,0.0,0.0,0.0,,True
axial_1,expanding,individual_1,256,0.0,0.0,0.0,,True
axial_1,expanding,individual_1,512,0.0,0.0,0.0,,True
axial_1,expanding,individual_1,1024,0.0,0.0,0.0,,True
axial_1,expanding,individual_1,2048,0.0,0.0,0.0,,True
axial_1,expanding,union,16,0.0,,0.0,,True
axial_1,expanding,union,32,0.0,0.0,0.0,,True
axial_1,expanding,union,64,0.0,0.0,0.0,,True
axial_1,expanding,union,128,0.0,0.0,0.0,,True
axial_1,expanding,union,256,0.0,0.0,0.0,,True
axial_1,expanding,union,512,0.0,0.0,0.0,,True
axial_1,expanding,union,1024,0.0,0.0,0.0,,True
axial_1,expanding,union,2048,0.0,0.0,0.0,,True
axial_1,expanding,maximum,16,0.0,,0.0,,True
axial_1,expanding,maximum,32,0.0,0.0,0.0,,True
axial_1,expanding,maximum,64,0.0,0.0,0.0,,True
axial_1,expanding,maximum,128,0.0,0.0,0.0,,True
axial_1,expanding,maximum,256,0.0,0.0,0.0,,True
axial_1,expanding,maximum,512,0.0,0.0,0.0,,True
axial_1,expanding,maximum,1024,0.0,0.0,0.0,,True
axial_1,expanding,maximum,2048,0.0,0.0,0.0,,True
axial_1,constant_width,individual_1,16,0.0,,0.0,,True
axial_1,constant_width,individual_1,32,0.0,0.0,0.0,,True
axial_1,constant_width,individual_1,64,0.0,0.0,0.0,,True
axial_1,constant_width,individual_1,128,0.0,0.0,0.0,,True
axial_1,constant_width,individual_1,256,0.0,0.0,0.0,,True
axial_1,constant_width,individual_1,512,0.0,0.0,0.0,,True
axial_1,constant_width,individual_1,1024,0.0,0.0,0.0,,True
axial_1,constant_width,individual_1,2048,0.0,0.0,0.0,,True
axial_1,constant_width,union,16,0.0,,0.0,,True
axial_1,constant_width,union,32,0.0,0.0,0.0,,True
axial_1,constant_width,union,64,0.0,0.0,0.0,,True
axial_1,constant_width,union,128,0.0,0.0,0.0,,True
axial_1,constant_width,union,256,0.0,0.0,0.0,,True
axial_1,constant_width,union,512,0.0,0.0,0.0,,True
axial_1,constant_width,union,1024,0.0,0.0,0.0,,True
axial_1,constant_width,union,2048,0.0,0.0,0.0,,True
axial_1,constant_width,maximum,16,0.0,,0.0,,True
axial_1,constant_width,maximum,32,0.0,0.0,0.0,,True
axial_1,constant_width,maximum,64,0.0,0.0,0.0,,True
axial_1,constant_width,maximum,128,0.0,0.0,0.0,,True
axial_1,constant_width,maximum,256,0.0,0.0,0.0,,True
axial_1,constant_width,maximum,512,0.0,0.0,0.0,,True
axial_1,constant_width,maximum,1024,0.0,0.0,0.0,,True
axial_1,constant_width,maximum,2048,0.0,0.0,0.0,,True
axial_2,isotropic,individual_1,16,0.24907281620533275,,3.3478989600654874e-05,0.00013439640124091013,True
axial_2,isotropic,individual_1,32,0.24910434888523827,3.1532679905521555e-05,1.946309695133319e-06,7.813169448850225e-06,True
axial_2,isotropic,individual_1,64,0.24910617609834226,1.8272131039887007e-06,1.1909659114461846e-07,4.780954694517923e-07,True
axial_2,isotropic,individual_1,128,0.24910628779278762,1.1169444535941153e-07,7.402145785206926e-09,2.97148082083374e-08,True
axial_2,isotropic,individual_1,256,0.24910629473295107,6.940163443935887e-09,4.619823412710389e-10,1.8545590785231797e-09,True
axial_2,isotropic,individual_1,512,0.24910629516606975,4.331186798101072e-10,2.8863661460931667e-11,1.1586885605739091e-10,True
axial_2,isotropic,individual_1,1024,0.24910629519312963,2.7059882112823175e-11,1.8037793481084918e-12,7.241002667945339e-12,True
axial_2,isotropic,individual_1,2048,0.24910629519482066,1.6910361999578072e-12,1.1274314815068465e-13,4.525905218993347e-13,True
axial_2,isotropic,union,16,0.24907281620533275,,3.3478989600654874e-05,0.00013439640124091013,True
axial_2,isotropic,union,32,0.24910434888523827,3.1532679905521555e-05,1.946309695133319e-06,7.813169448850225e-06,True
axial_2,isotropic,union,64,0.24910617609834226,1.8272131039887007e-06,1.1909659114461846e-07,4.780954694517923e-07,True
axial_2,isotropic,union,128,0.24910628779278762,1.1169444535941153e-07,7.402145785206926e-09,2.97148082083374e-08,True
axial_2,isotropic,union,256,0.24910629473295107,6.940163443935887e-09,4.619823412710389e-10,1.8545590785231797e-09,True
axial_2,isotropic,union,512,0.24910629516606975,4.331186798101072e-10,2.8863661460931667e-11,1.1586885605739091e-10,True
axial_2,isotropic,union,1024,0.24910629519312963,2.7059882112823175e-11,1.8037793481084918e-12,7.241002667945339e-12,True
axial_2,isotropic,union,2048,0.24910629519482066,1.6910361999578072e-12,1.1274314815068465e-13,4.525905218993347e-13,True
axial_2,isotropic,maximum,16,0.24907281620533275,,3.3478989600654874e-05,0.00013439640124091013,True
axial_2,isotropic,maximum,32,0.24910434888523827,3.1532679905521555e-05,1.946309695133319e-06,7.813169448850225e-06,True
axial_2,isotropic,maximum,64,0.24910617609834226,1.8272131039887007e-06,1.1909659114461846e-07,4.780954694517923e-07,True
axial_2,isotropic,maximum,128,0.24910628779278762,1.1169444535941153e-07,7.402145785206926e-09,2.97148082083374e-08,True
axial_2,isotropic,maximum,256,0.24910629473295107,6.940163443935887e-09,4.619823412710389e-10,1.8545590785231797e-09,True
axial_2,isotropic,maximum,512,0.24910629516606975,4.331186798101072e-10,2.8863661460931667e-11,1.1586885605739091e-10,True
axial_2,isotropic,maximum,1024,0.24910629519312963,2.7059882112823175e-11,1.8037793481084918e-12,7.241002667945339e-12,True
axial_2,isotropic,maximum,2048,0.24910629519482066,1.6910361999578072e-12,1.1274314815068465e-13,4.525905218993347e-13,True
axial_2,expanding,individual_1,16,0.7291666666666666,,0.004166666666666652,0.005747126436781589,True
axial_2,expanding,individual_1,32,0.7263997395833334,0.0027669270833332593,0.0013997395833333925,0.0019306752873564036,True
axial_2,expanding,individual_1,64,0.7252604166666666,0.0011393229166667407,0.00026041666666665186,0.0003591954022988302,True
axial_2,expanding,individual_1,128,0.7249825795491537,0.0002778371175129468,1.7420450846294955e-05,2.402820806385511e-05,True
axial_2,expanding,individual_1,256,0.7249972025553385,1.4623006184821818e-05,2.7974446614731363e-06,3.858544360652602e-06,True
axial_2,expanding,individual_1,512,0.7250002895792326,3.087023894066121e-06,2.895792325929847e-07,3.994196311627375e-07,True
axial_2,expanding,individual_1,1024,0.7250000486771265,2.4090210604121864e-07,4.867712655176604e-08,6.714086420933247e-08,True
axial_2,expanding,individual_1,2048,0.7249999955432335,5.313389306316196e-08,4.4567665113959265e-09,6.147264153649554e-09,True
axial_2,expanding,union,16,0.7291666666666666,,0.004166666666666652,0.005747126436781589,True
axial_2,expanding,union,32,0.7263997395833334,0.0027669270833332593,0.0013997395833333925,0.0019306752873564036,True
axial_2,expanding,union,64,0.7252604166666666,0.0011393229166667407,0.00026041666666665186,0.0003591954022988302,True
axial_2,expanding,union,128,0.7249825795491537,0.0002778371175129468,1.7420450846294955e-05,2.402820806385511e-05,True
axial_2,expanding,union,256,0.7249972025553385,1.4623006184821818e-05,2.7974446614731363e-06,3.858544360652602e-06,True
axial_2,expanding,union,512,0.7250002895792326,3.087023894066121e-06,2.895792325929847e-07,3.994196311627375e-07,True
axial_2,expanding,union,1024,0.7250000486771265,2.4090210604121864e-07,4.867712655176604e-08,6.714086420933247e-08,True
axial_2,expanding,union,2048,0.7249999955432335,5.313389306316196e-08,4.4567665113959265e-09,6.147264153649554e-09,True
axial_2,expanding,maximum,16,0.7291666666666666,,0.004166666666666652,0.005747126436781589,True
axial_2,expanding,maximum,32,0.7263997395833334,0.0027669270833332593,0.0013997395833333925,0.0019306752873564036,True
axial_2,expanding,maximum,64,0.7252604166666666,0.0011393229166667407,0.00026041666666665186,0.0003591954022988302,True
axial_2,expanding,maximum,128,0.7249825795491537,0.0002778371175129468,1.7420450846294955e-05,2.402820806385511e-05,True
axial_2,expanding,maximum,256,0.7249972025553385,1.4623006184821818e-05,2.7974446614731363e-06,3.858544360652602e-06,True
axial_2,expanding,maximum,512,0.7250002895792326,3.087023894066121e-06,2.895792325929847e-07,3.994196311627375e-07,True
axial_2,expanding,maximum,1024,0.7250000486771265,2.4090210604121864e-07,4.867712655176604e-08,6.714086420933247e-08,True
axial_2,expanding,maximum,2048,0.7249999955432335,5.313389306316196e-08,4.4567665113959265e-09,6.147264153649554e-09,True
axial_2,constant_width,individual_1,16,0.7291666666666666,,0.004166666666666652,0.005747126436781589,True
axial_2,constant_width,individual_1,32,0.7263997395833334,0.0027669270833332593,0.0013997395833333925,0.0019306752873564036,True
axial_2,constant_width,individual_1,64,0.7252604166666666,0.0011393229166667407,0.00026041666666665186,0.0003591954022988302,True
axial_2,constant_width,individual_1,128,0.7249825795491537,0.0002778371175129468,1.7420450846294955e-05,2.402820806385511e-05,True
axial_2,constant_width,individual_1,256,0.7249972025553385,1.4623006184821818e-05,2.7974446614731363e-06,3.858544360652602e-06,True
axial_2,constant_width,individual_1,512,0.7250002895792326,3.087023894066121e-06,2.895792325929847e-07,3.994196311627375e-07,True
axial_2,constant_width,individual_1,1024,0.7250000486771265,2.4090210604121864e-07,4.867712655176604e-08,6.714086420933247e-08,True
axial_2,constant_width,individual_1,2048,0.7249999955432335,5.313389306316196e-08,4.4567665113959265e-09,6.147264153649554e-09,True
axial_2,constant_width,union,16,0.7291666666666666,,0.004166666666666652,0.005747126436781589,True
axial_2,constant_width,union,32,0.7263997395833334,0.0027669270833332593,0.0013997395833333925,0.0019306752873564036,True
axial_2,constant_width,union,64,0.7252604166666666,0.0011393229166667407,0.00026041666666665186,0.0003591954022988302,True
axial_2,constant_width,union,128,0.7249825795491537,0.0002778371175129468,1.7420450846294955e-05,2.402820806385511e-05,True
axial_2,constant_width,union,256,0.7249972025553385,1.4623006184821818e-05,2.7974446614731363e-06,3.858544360652602e-06,True
axial_2,constant_width,union,512,0.7250002895792326,3.087023894066121e-06,2.895792325929847e-07,3.994196311627375e-07,True
axial_2,constant_width,union,1024,0.7250000486771265,2.4090210604121864e-07,4.867712655176604e-08,6.714086420933247e-08,True
axial_2,constant_width,union,2048,0.7249999955432335,5.313389306316196e-08,4.4567665113959265e-09,6.147264153649554e-09,True
axial_2,constant_width,maximum,16,0.7291666666666666,,0.004166666666666652,0.005747126436781589,True
axial_2,constant_width,maximum,32,0.7263997395833334,0.0027669270833332593,0.0013997395833333925,0.0019306752873564036,True
axial_2,constant_width,maximum,64,0.7252604166666666,0.0011393229166667407,0.00026041666666665186,0.0003591954022988302,True
axial_2,constant_width,maximum,128,0.7249825795491537,0.0002778371175129468,1.7420450846294955e-05,2.402820806385511e-05,True
axial_2,constant_width,maximum,256,0.7249972025553385,1.4623006184821818e-05,2.7974446614731363e-06,3.858544360652602e-06,True
axial_2,constant_width,maximum,512,0.7250002895792326,3.087023894066121e-06,2.895792325929847e-07,3.994196311627375e-07,True
axial_2,constant_width,maximum,1024,0.7250000486771265,2.4090210604121864e-07,4.867712655176604e-08,6.714086420933247e-08,True
axial_2,constant_width,maximum,2048,0.7249999955432335,5.313389306316196e-08,4.4567665113959265e-09,6.147264153649554e-09,True
axial_3,isotropic,individual_1,16,0.12533114115667285,,2.7257487716925155e-07,2.1748328615608324e-06,True
axial_3,isotropic,individual_1,32,0.12533141373155002,2.7257487716925155e-07,0.0,0.0,True
axial_3,isotropic,individual_1,64,0.12533141373155002,0.0,0.0,0.0,True
axial_3,isotropic,individual_1,128,0.12533141373155002,0.0,0.0,0.0,True
axial_3,isotropic,individual_1,256,0.12533141373155002,0.0,0.0,0.0,True
axial_3,isotropic,individual_1,512,0.12533141373155002,0.0,0.0,0.0,True
axial_3,isotropic,individual_1,1024,0.12533141373155002,0.0,0.0,0.0,True
axial_3,isotropic,individual_1,2048,0.12533141373155002,0.0,0.0,0.0,True
axial_3,isotropic,union,16,0.12533114115667285,,2.7257487716925155e-07,2.1748328615608324e-06,True
axial_3,isotropic,union,32,0.12533141373155002,2.7257487716925155e-07,0.0,0.0,True
axial_3,isotropic,union,64,0.12533141373155002,0.0,0.0,0.0,True
axial_3,isotropic,union,128,0.12533141373155002,0.0,0.0,0.0,True
axial_3,isotropic,union,256,0.12533141373155002,0.0,0.0,0.0,True
axial_3,isotropic,union,512,0.12533141373155002,0.0,0.0,0.0,True
axial_3,isotropic,union,1024,0.12533141373155002,0.0,0.0,0.0,True
axial_3,isotropic,union,2048,0.12533141373155002,0.0,0.0,0.0,True
axial_3,isotropic,maximum,16,0.12533114115667285,,2.7257487716925155e-07,2.1748328615608324e-06,True
axial_3,isotropic,maximum,32,0.12533141373155002,2.7257487716925155e-07,0.0,0.0,True
axial_3,isotropic,maximum,64,0.12533141373155002,0.0,0.0,0.0,True
axial_3,isotropic,maximum,128,0.12533141373155002,0.0,0.0,0.0,True
axial_3,isotropic,maximum,256,0.12533141373155002,0.0,0.0,0.0,True
axial_3,isotropic,maximum,512,0.12533141373155002,0.0,0.0,0.0,True
axial_3,isotropic,maximum,1024,0.12533141373155002,0.0,0.0,0.0,True
axial_3,isotropic,maximum,2048,0.12533141373155002,0.0,0.0,0.0,True
axial_3,expanding,individual_1,16,0.0,,0.0,,True
axial_3,expanding,individual_1,32,0.0,0.0,0.0,,True
axial_3,expanding,individual_1,64,0.0,0.0,0.0,,True
axial_3,expanding,individual_1,128,0.0,0.0,0.0,,True
axial_3,expanding,individual_1,256,0.0,0.0,0.0,,True
axial_3,expanding,individual_1,512,0.0,0.0,0.0,,True
axial_3,expanding,individual_1,1024,0.0,0.0,0.0,,True
axial_3,expanding,individual_1,2048,0.0,0.0,0.0,,True
axial_3,expanding,union,16,0.0,,0.0,,True
axial_3,expanding,union,32,0.0,0.0,0.0,,True
axial_3,expanding,union,64,0.0,0.0,0.0,,True
axial_3,expanding,union,128,0.0,0.0,0.0,,True
axial_3,expanding,union,256,0.0,0.0,0.0,,True
axial_3,expanding,union,512,0.0,0.0,0.0,,True
axial_3,expanding,union,1024,0.0,0.0,0.0,,True
axial_3,expanding,union,2048,0.0,0.0,0.0,,True
axial_3,expanding,maximum,16,0.0,,0.0,,True
axial_3,expanding,maximum,32,0.0,0.0,0.0,,True
axial_3,expanding,maximum,64,0.0,0.0,0.0,,True
axial_3,expanding,maximum,128,0.0,0.0,0.0,,True
axial_3,expanding,maximum,256,0.0,0.0,0.0,,True
axial_3,expanding,maximum,512,0.0,0.0,0.0,,True
axial_3,expanding,maximum,1024,0.0,0.0,0.0,,True
axial_3,expanding,maximum,2048,0.0,0.0,0.0,,True
axial_3,constant_width,individual_1,16,0.0,,0.0,,True
axial_3,constant_width,individual_1,32,0.0,0.0,0.0,,True
axial_3,constant_width,individual_1,64,0.0,0.0,0.0,,True
axial_3,constant_width,individual_1,128,0.0,0.0,0.0,,True
axial_3,constant_width,individual_1,256,0.0,0.0,0.0,,True
axial_3,constant_width,individual_1,512,0.0,0.0,0.0,,True
axial_3,constant_width,individual_1,1024,0.0,0.0,0.0,,True
axial_3,constant_width,individual_1,2048,0.0,0.0,0.0,,True
axial_3,constant_width,union,16,0.0,,0.0,,True
axial_3,constant_width,union,32,0.0,0.0,0.0,,True
axial_3,constant_width,union,64,0.0,0.0,0.0,,True
axial_3,constant_width,union,128,0.0,0.0,0.0,,True
axial_3,constant_width,union,256,0.0,0.0,0.0,,True
axial_3,constant_width,union,512,0.0,0.0,0.0,,True
axial_3,constant_width,union,1024,0.0,0.0,0.0,,True
axial_3,constant_width,union,2048,0.0,0.0,0.0,,True
axial_3,constant_width,maximum,16,0.0,,0.0,,True
axial_3,constant_width,maximum,32,0.0,0.0,0.0,,True
axial_3,constant_width,maximum,64,0.0,0.0,0.0,,True
axial_3,constant_width,maximum,128,0.0,0.0,0.0,,True
axial_3,constant_width,maximum,256,0.0,0.0,0.0,,True
axial_3,constant_width,maximum,512,0.0,0.0,0.0,,True
axial_3,constant_width,maximum,1024,0.0,0.0,0.0,,True
axial_3,constant_width,maximum,2048,0.0,0.0,0.0,,True
axial_4,isotropic,individual_1,16,0.0015894661079997876,,3.2933839841168145e-05,0.02115846906285402,True
axial_4,isotropic,individual_1,32,0.001558478577852964,3.098753014682369e-05,1.9463096943444537e-06,0.0012504139709528423,True
axial_4,isotropic,individual_1,64,0.0015566513647497235,1.8272131032403844e-06,1.190965911040693e-07,7.651405212752884e-05,True
axial_4,isotropic,individual_1,128,0.0015565396703044385,1.1169444528503526e-07,7.402145819034034e-09,4.755536374321867e-06,True
axial_4,isotropic,individual_1,256,0.0015565327301410006,6.940163437864355e-09,4.619823811696788e-10,2.968023153906117e-07,True
axial_4,isotropic,individual_1,512,0.0015565322970223156,4.3311868501427764e-10,2.8863696155401186e-11,1.8543589969738946e-08,True
axial_4,isotropic,individual_1,1024,0.0015565322699624398,2.7059875824450574e-11,1.8038203309506118e-12,1.1588711444347598e-09,True
axial_4,isotropic,individual_1,2048,0.0015565322682713548,1.691084989055569e-12,1.1273534189504275e-13,7.242724368856733e-11,True
axial_4,isotropic,union,16,0.0015894661079997876,,3.2933839841168145e-05,0.02115846906285402,True
axial_4,isotropic,union,32,0.001558478577852964,3.098753014682369e-05,1.9463096943444537e-06,0.0012504139709528423,True
axial_4,isotropic,union,64,0.0015566513647497235,1.8272131032403844e-06,1.190965911040693e-07,7.651405212752884e-05,True
axial_4,isotropic,union,128,0.0015565396703044385,1.1169444528503526e-07,7.402145819034034e-09,4.755536374321867e-06,True
axial_4,isotropic,union,256,0.0015565327301410006,6.940163437864355e-09,4.619823811696788e-10,2.968023153906117e-07,True
axial_4,isotropic,union,512,0.0015565322970223156,4.3311868501427764e-10,2.8863696155401186e-11,1.8543589969738946e-08,True
axial_4,isotropic,union,1024,0.0015565322699624398,2.7059875824450574e-11,1.8038203309506118e-12,1.1588711444347598e-09,True
axial_4,isotropic,union,2048,0.0015565322682713548,1.691084989055569e-12,1.1273534189504275e-13,7.242724368856733e-11,True
axial_4,isotropic,maximum,16,0.0015894661079997876,,3.2933839841168145e-05,0.02115846906285402,True
axial_4,isotropic,maximum,32,0.001558478577852964,3.098753014682369e-05,1.9463096943444537e-06,0.0012504139709528423,True
axial_4,isotropic,maximum,64,0.0015566513647497235,1.8272131032403844e-06,1.190965911040693e-07,7.651405212752884e-05,True
axial_4,isotropic,maximum,128,0.0015565396703044385,1.1169444528503526e-07,7.402145819034034e-09,4.755536374321867e-06,True
axial_4,isotropic,maximum,256,0.0015565327301410006,6.940163437864355e-09,4.619823811696788e-10,2.968023153906117e-07,True
axial_4,isotropic,maximum,512,0.0015565322970223156,4.3311868501427764e-10,2.8863696155401186e-11,1.8543589969738946e-08,True
axial_4,isotropic,maximum,1024,0.0015565322699624398,2.7059875824450574e-11,1.8038203309506118e-12,1.1588711444347598e-09,True
axial_4,isotropic,maximum,2048,0.0015565322682713548,1.691084989055569e-12,1.1273534189504275e-13,7.242724368856733e-11,True
axial_4,expanding,individual_1,16,0.0,,0.0,,True
axial_4,expanding,individual_1,32,0.0,0.0,0.0,,True
axial_4,expanding,individual_1,64,0.0,0.0,0.0,,True
axial_4,expanding,individual_1,128,0.0,0.0,0.0,,True
axial_4,expanding,individual_1,256,0.0,0.0,0.0,,True
axial_4,expanding,individual_1,512,0.0,0.0,0.0,,True
axial_4,expanding,individual_1,1024,0.0,0.0,0.0,,True
axial_4,expanding,individual_1,2048,0.0,0.0,0.0,,True
axial_4,expanding,union,16,0.0,,0.0,,True
axial_4,expanding,union,32,0.0,0.0,0.0,,True
axial_4,expanding,union,64,0.0,0.0,0.0,,True
axial_4,expanding,union,128,0.0,0.0,0.0,,True
axial_4,expanding,union,256,0.0,0.0,0.0,,True
axial_4,expanding,union,512,0.0,0.0,0.0,,True
axial_4,expanding,union,1024,0.0,0.0,0.0,,True
axial_4,expanding,union,2048,0.0,0.0,0.0,,True
axial_4,expanding,maximum,16,0.0,,0.0,,True
axial_4,expanding,maximum,32,0.0,0.0,0.0,,True
axial_4,expanding,maximum,64,0.0,0.0,0.0,,True
axial_4,expanding,maximum,128,0.0,0.0,0.0,,True
axial_4,expanding,maximum,256,0.0,0.0,0.0,,True
axial_4,expanding,maximum,512,0.0,0.0,0.0,,True
axial_4,expanding,maximum,1024,0.0,0.0,0.0,,True
axial_4,expanding,maximum,2048,0.0,0.0,0.0,,True
axial_4,constant_width,individual_1,16,0.0,,0.0,,True
axial_4,constant_width,individual_1,32,0.0,0.0,0.0,,True
axial_4,constant_width,individual_1,64,0.0,0.0,0.0,,True
axial_4,constant_width,individual_1,128,0.0,0.0,0.0,,True
axial_4,constant_width,individual_1,256,0.0,0.0,0.0,,True
axial_4,constant_width,individual_1,512,0.0,0.0,0.0,,True
axial_4,constant_width,individual_1,1024,0.0,0.0,0.0,,True
axial_4,constant_width,individual_1,2048,0.0,0.0,0.0,,True
axial_4,constant_width,union,16,0.0,,0.0,,True
axial_4,constant_width,union,32,0.0,0.0,0.0,,True
axial_4,constant_width,union,64,0.0,0.0,0.0,,True
axial_4,constant_width,union,128,0.0,0.0,0.0,,True
axial_4,constant_width,union,256,0.0,0.0,0.0,,True
axial_4,constant_width,union,512,0.0,0.0,0.0,,True
axial_4,constant_width,union,1024,0.0,0.0,0.0,,True
axial_4,constant_width,union,2048,0.0,0.0,0.0,,True
axial_4,constant_width,maximum,16,0.0,,0.0,,True
axial_4,constant_width,maximum,32,0.0,0.0,0.0,,True
axial_4,constant_width,maximum,64,0.0,0.0,0.0,,True
axial_4,constant_width,maximum,128,0.0,0.0,0.0,,True
axial_4,constant_width,maximum,256,0.0,0.0,0.0,,True
axial_4,constant_width,maximum,512,0.0,0.0,0.0,,True
axial_4,constant_width,maximum,1024,0.0,0.0,0.0,,True
axial_4,constant_width,maximum,2048,0.0,0.0,0.0,,True
lateral_x5_y0,isotropic,individual_1,16,0.24907281620533275,,3.3478989600654874e-05,0.00013439640124091013,True
lateral_x5_y0,isotropic,individual_1,32,0.24910434888523827,3.1532679905521555e-05,1.946309695133319e-06,7.813169448850225e-06,True
lateral_x5_y0,isotropic,individual_1,64,0.24910617609834226,1.8272131039887007e-06,1.1909659114461846e-07,4.780954694517923e-07,True
lateral_x5_y0,isotropic,individual_1,128,0.24910628779278762,1.1169444535941153e-07,7.402145785206926e-09,2.97148082083374e-08,True
lateral_x5_y0,isotropic,individual_1,256,0.24910629473295107,6.940163443935887e-09,4.619823412710389e-10,1.8545590785231797e-09,True
lateral_x5_y0,isotropic,individual_1,512,0.24910629516606975,4.331186798101072e-10,2.8863661460931667e-11,1.1586885605739091e-10,True
lateral_x5_y0,isotropic,individual_1,1024,0.24910629519312963,2.7059882112823175e-11,1.8037793481084918e-12,7.241002667945339e-12,True
lateral_x5_y0,isotropic,individual_1,2048,0.24910629519482066,1.6910361999578072e-12,1.1274314815068465e-13,4.525905218993347e-13,True
lateral_x5_y0,isotropic,union,16,0.24907281620533275,,3.3478989600654874e-05,0.00013439640124091013,True
lateral_x5_y0,isotropic,union,32,0.24910434888523827,3.1532679905521555e-05,1.946309695133319e-06,7.813169448850225e-06,True
lateral_x5_y0,isotropic,union,64,0.24910617609834226,1.8272131039887007e-06,1.1909659114461846e-07,4.780954694517923e-07,True
lateral_x5_y0,isotropic,union,128,0.24910628779278762,1.1169444535941153e-07,7.402145785206926e-09,2.97148082083374e-08,True
lateral_x5_y0,isotropic,union,256,0.24910629473295107,6.940163443935887e-09,4.619823412710389e-10,1.8545590785231797e-09,True
lateral_x5_y0,isotropic,union,512,0.24910629516606975,4.331186798101072e-10,2.8863661460931667e-11,1.1586885605739091e-10,True
lateral_x5_y0,isotropic,union,1024,0.24910629519312963,2.7059882112823175e-11,1.8037793481084918e-12,7.241002667945339e-12,True
lateral_x5_y0,isotropic,union,2048,0.24910629519482066,1.6910361999578072e-12,1.1274314815068465e-13,4.525905218993347e-13,True
lateral_x5_y0,isotropic,maximum,16,0.24907281620533275,,3.3478989600654874e-05,0.00013439640124091013,True
lateral_x5_y0,isotropic,maximum,32,0.24910434888523827,3.1532679905521555e-05,1.946309695133319e-06,7.813169448850225e-06,True
lateral_x5_y0,isotropic,maximum,64,0.24910617609834226,1.8272131039887007e-06,1.1909659114461846e-07,4.780954694517923e-07,True
lateral_x5_y0,isotropic,maximum,128,0.24910628779278762,1.1169444535941153e-07,7.402145785206926e-09,2.97148082083374e-08,True
lateral_x5_y0,isotropic,maximum,256,0.24910629473295107,6.940163443935887e-09,4.619823412710389e-10,1.8545590785231797e-09,True
lateral_x5_y0,isotropic,maximum,512,0.24910629516606975,4.331186798101072e-10,2.8863661460931667e-11,1.1586885605739091e-10,True
lateral_x5_y0,isotropic,maximum,1024,0.24910629519312963,2.7059882112823175e-11,1.8037793481084918e-12,7.241002667945339e-12,True
lateral_x5_y0,isotropic,maximum,2048,0.24910629519482066,1.6910361999578072e-12,1.1274314815068465e-13,4.525905218993347e-13,True
lateral_x5_y0,expanding,individual_1,16,0.7291666666666666,,0.004166666666666652,0.005747126436781589,True
lateral_x5_y0,expanding,individual_1,32,0.7263997395833334,0.0027669270833332593,0.0013997395833333925,0.0019306752873564036,True
lateral_x5_y0,expanding,individual_1,64,0.7252604166666666,0.0011393229166667407,0.00026041666666665186,0.0003591954022988302,True
lateral_x5_y0,expanding,individual_1,128,0.7249825795491537,0.0002778371175129468,1.7420450846294955e-05,2.402820806385511e-05,True
lateral_x5_y0,expanding,individual_1,256,0.7249972025553385,1.4623006184821818e-05,2.7974446614731363e-06,3.858544360652602e-06,True
lateral_x5_y0,expanding,individual_1,512,0.7250002895792326,3.087023894066121e-06,2.895792325929847e-07,3.994196311627375e-07,True
lateral_x5_y0,expanding,individual_1,1024,0.7250000486771265,2.4090210604121864e-07,4.867712655176604e-08,6.714086420933247e-08,True
lateral_x5_y0,expanding,individual_1,2048,0.7249999955432335,5.313389306316196e-08,4.4567665113959265e-09,6.147264153649554e-09,True
lateral_x5_y0,expanding,union,16,0.7291666666666666,,0.004166666666666652,0.005747126436781589,True
lateral_x5_y0,expanding,union,32,0.7263997395833334,0.0027669270833332593,0.0013997395833333925,0.0019306752873564036,True
lateral_x5_y0,expanding,union,64,0.7252604166666666,0.0011393229166667407,0.00026041666666665186,0.0003591954022988302,True
lateral_x5_y0,expanding,union,128,0.7249825795491537,0.0002778371175129468,1.7420450846294955e-05,2.402820806385511e-05,True
lateral_x5_y0,expanding,union,256,0.7249972025553385,1.4623006184821818e-05,2.7974446614731363e-06,3.858544360652602e-06,True
lateral_x5_y0,expanding,union,512,0.7250002895792326,3.087023894066121e-06,2.895792325929847e-07,3.994196311627375e-07,True
lateral_x5_y0,expanding,union,1024,0.7250000486771265,2.4090210604121864e-07,4.867712655176604e-08,6.714086420933247e-08,True
lateral_x5_y0,expanding,union,2048,0.7249999955432335,5.313389306316196e-08,4.4567665113959265e-09,6.147264153649554e-09,True
lateral_x5_y0,expanding,maximum,16,0.7291666666666666,,0.004166666666666652,0.005747126436781589,True
lateral_x5_y0,expanding,maximum,32,0.7263997395833334,0.0027669270833332593,0.0013997395833333925,0.0019306752873564036,True
lateral_x5_y0,expanding,maximum,64,0.7252604166666666,0.0011393229166667407,0.00026041666666665186,0.0003591954022988302,True
lateral_x5_y0,expanding,maximum,128,0.7249825795491537,0.0002778371175129468,1.7420450846294955e-05,2.402820806385511e-05,True
lateral_x5_y0,expanding,maximum,256,0.7249972025553385,1.4623006184821818e-05,2.7974446614731363e-06,3.858544360652602e-06,True
lateral_x5_y0,expanding,maximum,512,0.7250002895792326,3.087023894066121e-06,2.895792325929847e-07,3.994196311627375e-07,True
lateral_x5_y0,expanding,maximum,1024,0.7250000486771265,2.4090210604121864e-07,4.867712655176604e-08,6.714086420933247e-08,True
lateral_x5_y0,expanding,maximum,2048,0.7249999955432335,5.313389306316196e-08,4.4567665113959265e-09,6.147264153649554e-09,True
lateral_x5_y0,constant_width,individual_1,16,0.7291666666666666,,0.004166666666666652,0.005747126436781589,True
lateral_x5_y0,constant_width,individual_1,32,0.7263997395833334,0.0027669270833332593,0.0013997395833333925,0.0019306752873564036,True
lateral_x5_y0,constant_width,individual_1,64,0.7252604166666666,0.0011393229166667407,0.00026041666666665186,0.0003591954022988302,True
lateral_x5_y0,constant_width,individual_1,128,0.7249825795491537,0.0002778371175129468,1.7420450846294955e-05,2.402820806385511e-05,True
lateral_x5_y0,constant_width,individual_1,256,0.7249972025553385,1.4623006184821818e-05,2.7974446614731363e-06,3.858544360652602e-06,True
lateral_x5_y0,constant_width,individual_1,512,0.7250002895792326,3.087023894066121e-06,2.895792325929847e-07,3.994196311627375e-07,True
lateral_x5_y0,constant_width,individual_1,1024,0.7250000486771265,2.4090210604121864e-07,4.867712655176604e-08,6.714086420933247e-08,True
lateral_x5_y0,constant_width,individual_1,2048,0.7249999955432335,5.313389306316196e-08,4.4567665113959265e-09,6.147264153649554e-09,True
lateral_x5_y0,constant_width,union,16,0.7291666666666666,,0.004166666666666652,0.005747126436781589,True
lateral_x5_y0,constant_width,union,32,0.7263997395833334,0.0027669270833332593,0.0013997395833333925,0.0019306752873564036,True
lateral_x5_y0,constant_width,union,64,0.7252604166666666,0.0011393229166667407,0.00026041666666665186,0.0003591954022988302,True
lateral_x5_y0,constant_width,union,128,0.7249825795491537,0.0002778371175129468,1.7420450846294955e-05,2.402820806385511e-05,True
lateral_x5_y0,constant_width,union,256,0.7249972025553385,1.4623006184821818e-05,2.7974446614731363e-06,3.858544360652602e-06,True
lateral_x5_y0,constant_width,union,512,0.7250002895792326,3.087023894066121e-06,2.895792325929847e-07,3.994196311627375e-07,True
lateral_x5_y0,constant_width,union,1024,0.7250000486771265,2.4090210604121864e-07,4.867712655176604e-08,6.714086420933247e-08,True
lateral_x5_y0,constant_width,union,2048,0.7249999955432335,5.313389306316196e-08,4.4567665113959265e-09,6.147264153649554e-09,True
lateral_x5_y0,constant_width,maximum,16,0.7291666666666666,,0.004166666666666652,0.005747126436781589,True
lateral_x5_y0,constant_width,maximum,32,0.7263997395833334,0.0027669270833332593,0.0013997395833333925,0.0019306752873564036,True
lateral_x5_y0,constant_width,maximum,64,0.7252604166666666,0.0011393229166667407,0.00026041666666665186,0.0003591954022988302,True
lateral_x5_y0,constant_width,maximum,128,0.7249825795491537,0.0002778371175129468,1.7420450846294955e-05,2.402820806385511e-05,True
lateral_x5_y0,constant_width,maximum,256,0.7249972025553385,1.4623006184821818e-05,2.7974446614731363e-06,3.858544360652602e-06,True
lateral_x5_y0,constant_width,maximum,512,0.7250002895792326,3.087023894066121e-06,2.895792325929847e-07,3.994196311627375e-07,True
lateral_x5_y0,constant_width,maximum,1024,0.7250000486771265,2.4090210604121864e-07,4.867712655176604e-08,6.714086420933247e-08,True
lateral_x5_y0,constant_width,maximum,2048,0.7249999955432335,5.313389306316196e-08,4.4567665113959265e-09,6.147264153649554e-09,True
lateral_x5_y1,isotropic,individual_1,16,0.2198059888192284,,2.95451046242734e-05,0.00013439640124106292,True
lateral_x5_y1,isotropic,individual_1,32,0.2198338163115752,2.7827492346810256e-05,1.717612277463143e-06,7.813169449021354e-06,True
lateral_x5_y1,isotropic,individual_1,64,0.2198354288214798,1.6125099046027103e-06,1.0510237286043278e-07,4.780954697562155e-07,True
lateral_x5_y1,isotropic,individual_1,128,0.2198355273914819,9.857000210500289e-08,6.532370755429895e-09,2.9714808333454402e-08,True
lateral_x5_y1,isotropic,individual_1,256,0.21983553351615462,6.124672713436752e-09,4.076980419931431e-10,1.8545593367738395e-09,True
lateral_x5_y1,isotropic,individual_1,512,0.2198355338983805,3.8222588982783634e-10,2.547215216530674e-11,1.1586913048429133e-10,True
lateral_x5_y1,isotropic,individual_1,1024,0.21983553392226077,2.3880258881447958e-11,1.5918932838587807e-12,7.241291957878774e-12,True
lateral_x5_y1,isotropic,individual_1,2048,0.21983553392375313,1.4923617897011354e-12,9.953149415764528e-14,4.5275434949529735e-13,True
lateral_x5_y1,isotropic,union,16,0.2198059888192284,,2.95451046242734e-05,0.00013439640124106292,True
lateral_x5_y1,isotropic,union,32,0.2198338163115752,2.7827492346810256e-05,1.717612277463143e-06,7.813169449021354e-06,True
lateral_x5_y1,isotropic,union,64,0.2198354288214798,1.6125099046027103e-06,1.0510237286043278e-07,4.780954697562155e-07,True
lateral_x5_y1,isotropic,union,128,0.2198355273914819,9.857000210500289e-08,6.532370755429895e-09,2.9714808333454402e-08,True
lateral_x5_y1,isotropic,union,256,0.21983553351615462,6.124672713436752e-09,4.076980419931431e-10,1.8545593367738395e-09,True
lateral_x5_y1,isotropic,union,512,0.2198355338983805,3.8222588982783634e-10,2.547215216530674e-11,1.1586913048429133e-10,True
lateral_x5_y1,isotropic,union,1024,0.21983553392226077,2.3880258881447958e-11,1.5918932838587807e-12,7.241291957878774e-12,True
lateral_x5_y1,isotropic,union,2048,0.21983553392375313,1.4923617897011354e-12,9.953149415764528e-14,4.5275434949529735e-13,True
lateral_x5_y1,isotropic,maximum,16,0.2198059888192284,,2.95451046242734e-05,0.00013439640124106292,True
lateral_x5_y1,isotropic,maximum,32,0.2198338163115752,2.7827492346810256e-05,1.717612277463143e-06,7.813169449021354e-06,True
lateral_x5_y1,isotropic,maximum,64,0.2198354288214798,1.6125099046027103e-06,1.0510237286043278e-07,4.780954697562155e-07,True
lateral_x5_y1,isotropic,maximum,128,0.2198355273914819,9.857000210500289e-08,6.532370755429895e-09,2.9714808333454402e-08,True
lateral_x5_y1,isotropic,maximum,256,0.21983553351615462,6.124672713436752e-09,4.076980419931431e-10,1.8545593367738395e-09,True
lateral_x5_y1,isotropic,maximum,512,0.2198355338983805,3.8222588982783634e-10,2.547215216530674e-11,1.1586913048429133e-10,True
lateral_x5_y1,isotropic,maximum,1024,0.21983553392226077,2.3880258881447958e-11,1.5918932838587807e-12,7.241291957878774e-12,True
lateral_x5_y1,isotropic,maximum,2048,0.21983553392375313,1.4923617897011354e-12,9.953149415764528e-14,4.5275434949529735e-13,True
lateral_x5_y1,expanding,individual_1,16,0.5550959921625257,,0.012612545191396873,0.0232496406329392,True
lateral_x5_y1,expanding,individual_1,32,0.5417348413376574,0.013361150824868329,0.0007486056334714553,0.0013799603244139104,True
lateral_x5_y1,expanding,individual_1,64,0.5422701355161249,0.000535294178467538,0.00021331145500391724,0.0003932128366218514,True
lateral_x5_y1,expanding,individual_1,128,0.5425088669898774,0.00023873147375252923,2.5420018748611994e-05,4.6858607189842714e-05,True
lateral_x5_y1,expanding,individual_1,256,0.5424824068780734,2.646011180407193e-05,1.0400930554599341e-06,1.917280723065617e-06,True
lateral_x5_y1,expanding,individual_1,512,0.5424840098197684,1.6029416950447128e-06,5.628486395847787e-07,1.0375406710146747e-06,True
lateral_x5_y1,expanding,individual_1,1024,0.5424833989807214,6.108390470105363e-07,4.799040742575755e-08,8.846427977425755e-08,True
lateral_x5_y1,expanding,individual_1,2048,0.5424834393963139,4.041559253931126e-08,7.57481488644629e-09,1.3963218470054857e-08,True
lateral_x5_y1,expanding,union,16,0.5550959921625257,,0.012612545191396873,0.0232496406329392,True
lateral_x5_y1,expanding,union,32,0.5417348413376574,0.013361150824868329,0.0007486056334714553,0.0013799603244139104,True
lateral_x5_y1,expanding,union,64,0.5422701355161249,0.000535294178467538,0.00021331145500391724,0.0003932128366218514,True
lateral_x5_y1,expanding,union,128,0.5425088669898774,0.00023873147375252923,2.5420018748611994e-05,4.6858607189842714e-05,True
lateral_x5_y1,expanding,union,256,0.5424824068780734,2.646011180407193e-05,1.0400930554599341e-06,1.917280723065617e-06,True
lateral_x5_y1,expanding,union,512,0.5424840098197684,1.6029416950447128e-06,5.628486395847787e-07,1.0375406710146747e-06,True
lateral_x5_y1,expanding,union,1024,0.5424833989807214,6.108390470105363e-07,4.799040742575755e-08,8.846427977425755e-08,True
lateral_x5_y1,expanding,union,2048,0.5424834393963139,4.041559253931126e-08,7.57481488644629e-09,1.3963218470054857e-08,True
lateral_x5_y1,expanding,maximum,16,0.5550959921625257,,0.012612545191396873,0.0232496406329392,True
lateral_x5_y1,expanding,maximum,32,0.5417348413376574,0.013361150824868329,0.0007486056334714553,0.0013799603244139104,True
lateral_x5_y1,expanding,maximum,64,0.5422701355161249,0.000535294178467538,0.00021331145500391724,0.0003932128366218514,True
lateral_x5_y1,expanding,maximum,128,0.5425088669898774,0.00023873147375252923,2.5420018748611994e-05,4.6858607189842714e-05,True
lateral_x5_y1,expanding,maximum,256,0.5424824068780734,2.646011180407193e-05,1.0400930554599341e-06,1.917280723065617e-06,True
lateral_x5_y1,expanding,maximum,512,0.5424840098197684,1.6029416950447128e-06,5.628486395847787e-07,1.0375406710146747e-06,True
lateral_x5_y1,expanding,maximum,1024,0.5424833989807214,6.108390470105363e-07,4.799040742575755e-08,8.846427977425755e-08,True
lateral_x5_y1,expanding,maximum,2048,0.5424834393963139,4.041559253931126e-08,7.57481488644629e-09,1.3963218470054857e-08,True
lateral_x5_y1,constant_width,individual_1,16,0.3483933789769997,,0.012383556362257242,0.03685474509611528,True
lateral_x5_y1,constant_width,individual_1,32,0.3353099939975706,0.013083384979429069,0.0006998286171718271,0.00208276237797437,True
lateral_x5_y1,constant_width,individual_1,64,0.33579814475604053,0.0004881507584699185,0.00021167785870190858,0.0006299752104110697,True
lateral_x5_y1,constant_width,individual_1,128,0.33603518663653653,0.00023704188049600283,2.536402179409425e-05,7.548595334719063e-05,True
lateral_x5_y1,constant_width,individual_1,256,0.33600873650330954,2.6450133226996186e-05,1.0861114329019372e-06,3.2323800073762607e-06,True
lateral_x5_y1,constant_width,individual_1,512,0.33601037525195565,1.6387486461155731e-06,5.526372132136359e-07,1.6447055294787353e-06,True
lateral_x5_y1,constant_width,individual_1,1024,0.33600977562984014,5.996221155157855e-07,4.698490230214958e-08,1.398319309135819e-07,True
lateral_x5_y1,constant_width,individual_1,2048,0.33600981512031436,3.94904742240243e-08,7.494428078125281e-09,2.2304193430434742e-08,True
lateral_x5_y1,constant_width,union,16,0.3483933789769997,,0.012383556362257242,0.03685474509611528,True
lateral_x5_y1,constant_width,union,32,0.3353099939975706,0.013083384979429069,0.0006998286171718271,0.00208276237797437,True
lateral_x5_y1,constant_width,union,64,0.33579814475604053,0.0004881507584699185,0.00021167785870190858,0.0006299752104110697,True
lateral_x5_y1,constant_width,union,128,0.33603518663653653,0.00023704188049600283,2.536402179409425e-05,7.548595334719063e-05,True
lateral_x5_y1,constant_width,union,256,0.33600873650330954,2.6450133226996186e-05,1.0861114329019372e-06,3.2323800073762607e-06,True
lateral_x5_y1,constant_width,union,512,0.33601037525195565,1.6387486461155731e-06,5.526372132136359e-07,1.6447055294787353e-06,True
lateral_x5_y1,constant_width,union,1024,0.33600977562984014,5.996221155157855e-07,4.698490230214958e-08,1.398319309135819e-07,True
lateral_x5_y1,constant_width,union,2048,0.33600981512031436,3.94904742240243e-08,7.494428078125281e-09,2.2304193430434742e-08,True
lateral_x5_y1,constant_width,maximum,16,0.3483933789769997,,0.012383556362257242,0.03685474509611528,True
lateral_x5_y1,constant_width,maximum,32,0.3353099939975706,0.013083384979429069,0.0006998286171718271,0.00208276237797437,True
lateral_x5_y1,constant_width,maximum,64,0.33579814475604053,0.0004881507584699185,0.00021167785870190858,0.0006299752104110697,True
lateral_x5_y1,constant_width,maximum,128,0.33603518663653653,0.00023704188049600283,2.536402179409425e-05,7.548595334719063e-05,True
lateral_x5_y1,constant_width,maximum,256,0.33600873650330954,2.6450133226996186e-05,1.0861114329019372e-06,3.2323800073762607e-06,True
lateral_x5_y1,constant_width,maximum,512,0.33601037525195565,1.6387486461155731e-06,5.526372132136359e-07,1.6447055294787353e-06,True
lateral_x5_y1,constant_width,maximum,1024,0.33600977562984014,5.996221155157855e-07,4.698490230214958e-08,1.398319309135819e-07,True
lateral_x5_y1,constant_width,maximum,2048,0.33600981512031436,3.94904742240243e-08,7.494428078125281e-09,2.2304193430434742e-08,True
lateral_x5_y2,isotropic,individual_1,16,0.151070299529504,,2.0306033648997968e-05,0.00013439640124091257,True
lateral_x5_y2,isotropic,individual_1,32,0.1510894250666496,1.912553714561449e-05,1.1804965033834769e-06,7.813169448778547e-06,True
lateral_x5_y2,isotropic,individual_1,64,0.15109053332741898,1.1082607693779778e-06,7.22357340054991e-08,4.780954695115438e-07,True
lateral_x5_y2,isotropic,individual_1,128,0.1510906010735246,6.774610561421923e-08,4.489628391279865e-09,2.9714808373067817e-08,True
lateral_x5_y2,isotropic,individual_1,256,0.15109060528294652,4.209421922141132e-09,2.8020646913873293e-10,1.8545591772190758e-09,True
lateral_x5_y2,isotropic,individual_1,512,0.15109060554564627,2.6269975084147745e-10,1.7506718297255475e-11,1.1586900609739102e-10,True
lateral_x5_y2,isotropic,individual_1,1024,0.15109060556205892,1.6412649017638614e-11,1.0940692796168605e-12,7.241146963035769e-12,True
lateral_x5_y2,isotropic,individual_1,2048,0.1510906055630846,1.0256795412999509e-12,6.838973831690964e-14,4.526405732639945e-13,True
lateral_x5_y2,isotropic,union,16,0.151070299529504,,2.0306033648997968e-05,0.00013439640124091257,True
lateral_x5_y2,isotropic,union,32,0.1510894250666496,1.912553714561449e-05,1.1804965033834769e-06,7.813169448778547e-06,True
lateral_x5_y2,isotropic,union,64,0.15109053332741898,1.1082607693779778e-06,7.22357340054991e-08,4.780954695115438e-07,True
lateral_x5_y2,isotropic,union,128,0.1510906010735246,6.774610561421923e-08,4.489628391279865e-09,2.9714808373067817e-08,True
lateral_x5_y2,isotropic,union,256,0.15109060528294652,4.209421922141132e-09,2.8020646913873293e-10,1.8545591772190758e-09,True
lateral_x5_y2,isotropic,union,512,0.15109060554564627,2.6269975084147745e-10,1.7506718297255475e-11,1.1586900609739102e-10,True
lateral_x5_y2,isotropic,union,1024,0.15109060556205892,1.6412649017638614e-11,1.0940692796168605e-12,7.241146963035769e-12,True
lateral_x5_y2,isotropic,union,2048,0.1510906055630846,1.0256795412999509e-12,6.838973831690964e-14,4.526405732639945e-13,True
lateral_x5_y2,isotropic,maximum,16,0.151070299529504,,2.0306033648997968e-05,0.00013439640124091257,True
lateral_x5_y2,isotropic,maximum,32,0.1510894250666496,1.912553714561449e-05,1.1804965033834769e-06,7.813169448778547e-06,True
lateral_x5_y2,isotropic,maximum,64,0.15109053332741898,1.1082607693779778e-06,7.22357340054991e-08,4.780954695115438e-07,True
lateral_x5_y2,isotropic,maximum,128,0.1510906010735246,6.774610561421923e-08,4.489628391279865e-09,2.9714808373067817e-08,True
lateral_x5_y2,isotropic,maximum,256,0.15109060528294652,4.209421922141132e-09,2.8020646913873293e-10,1.8545591772190758e-09,True
lateral_x5_y2,isotropic,maximum,512,0.15109060554564627,2.6269975084147745e-10,1.7506718297255475e-11,1.1586900609739102e-10,True
lateral_x5_y2,isotropic,maximum,1024,0.15109060556205892,1.6412649017638614e-11,1.0940692796168605e-12,7.241146963035769e-12,True
lateral_x5_y2,isotropic,maximum,2048,0.1510906055630846,1.0256795412999509e-12,6.838973831690964e-14,4.526405732639945e-13,True
lateral_x5_y2,expanding,individual_1,16,0.2253315167329425,,0.002459031626812047,0.010795143365335972,True
lateral_x5_y2,expanding,individual_1,32,0.22870747203364508,0.0033759553007025878,0.0009169236738905406,0.00402529288635112,True
lateral_x5_y2,expanding,individual_1,64,0.227678669060299,0.0010288029733460935,0.00011187929945555286,0.000491149875449878,True
lateral_x5_y2,expanding,individual_1,128,0.22779703288360378,0.00011836382330479567,6.484523849242807e-06,2.846704525686315e-05,True
lateral_x5_y2,expanding,individual_1,256,0.22779005383511955,6.979048484234696e-06,4.945246349918886e-07,2.1709620462868157e-06,True
lateral_x5_y2,expanding,individual_1,512,0.22779037128875254,3.174536329919597e-07,1.7707100199992887e-07,7.773413044349707e-07,True
lateral_x5_y2,expanding,individual_1,1024,0.22779053962714035,1.6833838781260546e-07,8.732614187323406e-09,3.833615683444337e-08,True
lateral_x5_y2,expanding,individual_1,2048,0.22779054780651387,8.179373511829624e-09,5.532406754937824e-10,2.428725333326989e-09,True
lateral_x5_y2,expanding,union,16,0.2253315167329425,,0.002459031626812047,0.010795143365335972,True
lateral_x5_y2,expanding,union,32,0.22870747203364508,0.0033759553007025878,0.0009169236738905406,0.00402529288635112,True
lateral_x5_y2,expanding,union,64,0.227678669060299,0.0010288029733460935,0.00011187929945555286,0.000491149875449878,True
lateral_x5_y2,expanding,union,128,0.22779703288360378,0.00011836382330479567,6.484523849242807e-06,2.846704525686315e-05,True
lateral_x5_y2,expanding,union,256,0.22779005383511955,6.979048484234696e-06,4.945246349918886e-07,2.1709620462868157e-06,True
lateral_x5_y2,expanding,union,512,0.22779037128875254,3.174536329919597e-07,1.7707100199992887e-07,7.773413044349707e-07,True
lateral_x5_y2,expanding,union,1024,0.22779053962714035,1.6833838781260546e-07,8.732614187323406e-09,3.833615683444337e-08,True
lateral_x5_y2,expanding,union,2048,0.22779054780651387,8.179373511829624e-09,5.532406754937824e-10,2.428725333326989e-09,True
lateral_x5_y2,expanding,maximum,16,0.2253315167329425,,0.002459031626812047,0.010795143365335972,True
lateral_x5_y2,expanding,maximum,32,0.22870747203364508,0.0033759553007025878,0.0009169236738905406,0.00402529288635112,True
lateral_x5_y2,expanding,maximum,64,0.227678669060299,0.0010288029733460935,0.00011187929945555286,0.000491149875449878,True
lateral_x5_y2,expanding,maximum,128,0.22779703288360378,0.00011836382330479567,6.484523849242807e-06,2.846704525686315e-05,True
lateral_x5_y2,expanding,maximum,256,0.22779005383511955,6.979048484234696e-06,4.945246349918886e-07,2.1709620462868157e-06,True
lateral_x5_y2,expanding,maximum,512,0.22779037128875254,3.174536329919597e-07,1.7707100199992887e-07,7.773413044349707e-07,True
lateral_x5_y2,expanding,maximum,1024,0.22779053962714035,1.6833838781260546e-07,8.732614187323406e-09,3.833615683444337e-08,True
lateral_x5_y2,expanding,maximum,2048,0.22779054780651387,8.179373511829624e-09,5.532406754937824e-10,2.428725333326989e-09,True
lateral_x5_y2,constant_width,individual_1,16,0.07912803227791834,,0.001677248341392018,0.0207566674917431,True
lateral_x5_y2,constant_width,individual_1,32,0.08158386843753576,0.0024558361596174194,0.0007785878182254014,0.009635358138207357,True
lateral_x5_y2,constant_width,individual_1,64,0.08069780096683574,0.0008860674707000249,0.00010747965247462354,0.0013301067906809384,True
lateral_x5_y2,constant_width,individual_1,128,0.08081181762941998,0.00011401666258424592,6.5370101096223765e-06,8.089830342177169e-05,True
lateral_x5_y2,constant_width,individual_1,256,0.0808048097732766,7.00785614338173e-06,4.708460337593534e-07,5.82692158421678e-06,True
lateral_x5_y2,constant_width,individual_1,512,0.08080510504954135,2.952762647445706e-07,1.7556976901478283e-07,2.172751182462031e-06,True
lateral_x5_y2,constant_width,individual_1,1024,0.0808052720817289,1.6703218755353966e-07,8.537581461243171e-09,1.0565623181813332e-07,True
lateral_x5_y2,constant_width,individual_1,2048,0.0808052801538935,8.072164603412091e-09,4.654168578310802e-10,5.759733203870066e-09,True
lateral_x5_y2,constant_width,union,16,0.07912803227791834,,0.001677248341392018,0.0207566674917431,True
lateral_x5_y2,constant_width,union,32,0.08158386843753576,0.0024558361596174194,0.0007785878182254014,0.009635358138207357,True
lateral_x5_y2,constant_width,union,64,0.08069780096683574,0.0008860674707000249,0.00010747965247462354,0.0013301067906809384,True
lateral_x5_y2,constant_width,union,128,0.08081181762941998,0.00011401666258424592,6.5370101096223765e-06,8.089830342177169e-05,True
lateral_x5_y2,constant_width,union,256,0.0808048097732766,7.00785614338173e-06,4.708460337593534e-07,5.82692158421678e-06,True
lateral_x5_y2,constant_width,union,512,0.08080510504954135,2.952762647445706e-07,1.7556976901478283e-07,2.172751182462031e-06,True
lateral_x5_y2,constant_width,union,1024,0.0808052720817289,1.6703218755353966e-07,8.537581461243171e-09,1.0565623181813332e-07,True
lateral_x5_y2,constant_width,union,2048,0.0808052801538935,8.072164603412091e-09,4.654168578310802e-10,5.759733203870066e-09,True
lateral_x5_y2,constant_width,maximum,16,0.07912803227791834,,0.001677248341392018,0.0207566674917431,True
lateral_x5_y2,constant_width,maximum,32,0.08158386843753576,0.0024558361596174194,0.0007785878182254014,0.009635358138207357,True
lateral_x5_y2,constant_width,maximum,64,0.08069780096683574,0.0008860674707000249,0.00010747965247462354,0.0013301067906809384,True
lateral_x5_y2,constant_width,maximum,128,0.08081181762941998,0.00011401666258424592,6.5370101096223765e-06,8.089830342177169e-05,True
lateral_x5_y2,constant_width,maximum,256,0.0808048097732766,7.00785614338173e-06,4.708460337593534e-07,5.82692158421678e-06,True
lateral_x5_y2,constant_width,maximum,512,0.08080510504954135,2.952762647445706e-07,1.7556976901478283e-07,2.172751182462031e-06,True
lateral_x5_y2,constant_width,maximum,1024,0.0808052720817289,1.6703218755353966e-07,8.537581461243171e-09,1.0565623181813332e-07,True
lateral_x5_y2,constant_width,maximum,2048,0.0808052801538935,8.072164603412091e-09,4.654168578310802e-10,5.759733203870066e-09,True
lateral_x5_y5,isotropic,individual_1,16,0.010943495793008857,,1.4709641438688525e-06,0.00013439640124147037,True
lateral_x5_y5,isotropic,individual_1,32,0.010944881242272839,1.3854492639815003e-06,8.551487988735229e-08,7.813169449004203e-06,True
lateral_x5_y5,isotropic,individual_1,64,0.010944961524413701,8.028214086228114e-08,5.232739025071154e-09,4.780954699247e-07,True
lateral_x5_y5,isotropic,individual_1,128,0.010944966431925135,4.9075114336855075e-09,3.2522759138564616e-10,2.971480851443466e-08,True
lateral_x5_y5,isotropic,individual_1,256,0.010944966736854635,3.049295000528973e-10,2.0298091332748847e-11,1.8545594320315035e-09,True
lateral_x5_y5,isotropic,individual_1,512,0.010944966755884543,1.9029907857848194e-11,1.2681834749006526e-12,1.1586910248693744e-10,True
lateral_x5_y5,isotropic,individual_1,1024,0.010944966757073469,1.1889256940067483e-12,7.925778089390434e-14,7.2414821033703005e-12,True
lateral_x5_y5,isotropic,individual_1,2048,0.01094496675714777,7.43016759230386e-14,4.956104970865738e-15,4.528204681505165e-13,True
lateral_x5_y5,isotropic,union,16,0.010943495793008857,,1.4709641438688525e-06,0.00013439640124147037,True
lateral_x5_y5,isotropic,union,32,0.010944881242272839,1.3854492639815003e-06,8.551487988735229e-08,7.813169449004203e-06,True
lateral_x5_y5,isotropic,union,64,0.010944961524413701,8.028214086228114e-08,5.232739025071154e-09,4.780954699247e-07,True
lateral_x5_y5,isotropic,union,128,0.010944966431925135,4.9075114336855075e-09,3.2522759138564616e-10,2.971480851443466e-08,True
lateral_x5_y5,isotropic,union,256,0.010944966736854635,3.049295000528973e-10,2.0298091332748847e-11,1.8545594320315035e-09,True
lateral_x5_y5,isotropic,union,512,0.010944966755884543,1.9029907857848194e-11,1.2681834749006526e-12,1.1586910248693744e-10,True
lateral_x5_y5,isotropic,union,1024,0.010944966757073469,1.1889256940067483e-12,7.925778089390434e-14,7.2414821033703005e-12,True
lateral_x5_y5,isotropic,union,2048,0.01094496675714777,7.43016759230386e-14,4.956104970865738e-15,4.528204681505165e-13,True
lateral_x5_y5,isotropic,maximum,16,0.010943495793008857,,1.4709641438688525e-06,0.00013439640124147037,True
lateral_x5_y5,isotropic,maximum,32,0.010944881242272839,1.3854492639815003e-06,8.551487988735229e-08,7.813169449004203e-06,True
lateral_x5_y5,isotropic,maximum,64,0.010944961524413701,8.028214086228114e-08,5.232739025071154e-09,4.780954699247e-07,True
lateral_x5_y5,isotropic,maximum,128,0.010944966431925135,4.9075114336855075e-09,3.2522759138564616e-10,2.971480851443466e-08,True
lateral_x5_y5,isotropic,maximum,256,0.010944966736854635,3.049295000528973e-10,2.0298091332748847e-11,1.8545594320315035e-09,True
lateral_x5_y5,isotropic,maximum,512,0.010944966755884543,1.9029907857848194e-11,1.2681834749006526e-12,1.1586910248693744e-10,True
lateral_x5_y5,isotropic,maximum,1024,0.010944966757073469,1.1889256940067483e-12,7.925778089390434e-14,7.2414821033703005e-12,True
lateral_x5_y5,isotropic,maximum,2048,0.01094496675714777,7.43016759230386e-14,4.956104970865738e-15,4.528204681505165e-13,True
lateral_x5_y5,expanding,individual_1,16,0.00019568183079302084,,1.3220327353894872e-05,0.0724554336378442,True
lateral_x5_y5,expanding,individual_1,32,0.000182744772265855,1.2937058527165836e-05,2.8326882672903586e-07,0.0015524854360500317,True
lateral_x5_y5,expanding,individual_1,64,0.00018239953816917204,3.4523409668296744e-07,6.196526995393158e-08,0.0003396073625722636,True
lateral_x5_y5,expanding,individual_1,128,0.00018246884020645506,6.930203728301742e-08,7.336767329085836e-09,4.02099467054626e-05,True
lateral_x5_y5,expanding,individual_1,256,0.00018246155241722454,7.28778923051788e-09,4.897809856795575e-11,2.684297654288273e-07,True
lateral_x5_y5,expanding,individual_1,512,0.00018246146284270435,8.957452019161226e-11,4.059642162365651e-11,2.224930785863033e-07,True
lateral_x5_y5,expanding,individual_1,1024,0.00018246148517141,2.2328705643346117e-11,1.8267715980310392e-11,1.001181928022696e-07,True
lateral_x5_y5,expanding,individual_1,2048,0.00018246150053481919,1.5363409193924413e-11,2.9043067863859795e-12,1.5917367398843854e-08,True
lateral_x5_y5,expanding,union,16,0.00019568183079302084,,1.3220327353894872e-05,0.0724554336378442,True
lateral_x5_y5,expanding,union,32,0.000182744772265855,1.2937058527165836e-05,2.8326882672903586e-07,0.0015524854360500317,True
lateral_x5_y5,expanding,union,64,0.00018239953816917204,3.4523409668296744e-07,6.196526995393158e-08,0.0003396073625722636,True
lateral_x5_y5,expanding,union,128,0.00018246884020645506,6.930203728301742e-08,7.336767329085836e-09,4.02099467054626e-05,True
lateral_x5_y5,expanding,union,256,0.00018246155241722454,7.28778923051788e-09,4.897809856795575e-11,2.684297654288273e-07,True
lateral_x5_y5,expanding,union,512,0.00018246146284270435,8.957452019161226e-11,4.059642162365651e-11,2.224930785863033e-07,True
lateral_x5_y5,expanding,union,1024,0.00018246148517141,2.2328705643346117e-11,1.8267715980310392e-11,1.001181928022696e-07,True
lateral_x5_y5,expanding,union,2048,0.00018246150053481919,1.5363409193924413e-11,2.9043067863859795e-12,1.5917367398843854e-08,True
lateral_x5_y5,expanding,maximum,16,0.00019568183079302084,,1.3220327353894872e-05,0.0724554336378442,True
lateral_x5_y5,expanding,maximum,32,0.000182744772265855,1.2937058527165836e-05,2.8326882672903586e-07,0.0015524854360500317,True
lateral_x5_y5,expanding,maximum,64,0.00018239953816917204,3.4523409668296744e-07,6.196526995393158e-08,0.0003396073625722636,True
lateral_x5_y5,expanding,maximum,128,0.00018246884020645506,6.930203728301742e-08,7.336767329085836e-09,4.02099467054626e-05,True
lateral_x5_y5,expanding,maximum,256,0.00018246155241722454,7.28778923051788e-09,4.897809856795575e-11,2.684297654288273e-07,True
lateral_x5_y5,expanding,maximum,512,0.00018246146284270435,8.957452019161226e-11,4.059642162365651e-11,2.224930785863033e-07,True
lateral_x5_y5,expanding,maximum,1024,0.00018246148517141,2.2328705643346117e-11,1.8267715980310392e-11,1.001181928022696e-07,True
lateral_x5_y5,expanding,maximum,2048,0.00018246150053481919,1.5363409193924413e-11,2.9043067863859795e-12,1.5917367398843854e-08,True
lateral_x5_y5,constant_width,individual_1,16,3.248673571486483e-05,,2.648406972366342e-06,0.08875855599091372,True
lateral_x5_y5,constant_width,individual_1,32,3.076949520887722e-05,1.7172405059876134e-06,9.311664663787285e-07,0.031207058358214135,True
lateral_x5_y5,constant_width,individual_1,64,2.9884202015303778e-05,8.852931935734396e-07,4.5873272805288924e-08,0.001537394175162096,True
lateral_x5_y5,constant_width,individual_1,128,2.984384297208116e-05,4.035904322261915e-08,5.5142295826697714e-09,0.00018480356692417222,True
lateral_x5_y5,constant_width,individual_1,256,2.9838630238019864e-05,5.212734061294053e-09,3.0149552137571814e-10,1.0104303226148873e-05,True
lateral_x5_y5,constant_width,individual_1,512,2.9838335238265077e-05,2.9499975478765794e-10,6.4957665880601995e-12,2.1769874057350712e-07,True
lateral_x5_y5,constant_width,individual_1,1024,2.9838324671536544e-05,1.0566728532614275e-11,4.070961944554075e-12,1.3643397992179895e-07,True
lateral_x5_y5,constant_width,individual_1,2048,2.9838327980147904e-05,3.3086113601470124e-12,7.623505844070629e-13,2.5549372787801388e-08,True
lateral_x5_y5,constant_width,union,16,3.248673571486483e-05,,2.648406972366342e-06,0.08875855599091372,True
lateral_x5_y5,constant_width,union,32,3.076949520887722e-05,1.7172405059876134e-06,9.311664663787285e-07,0.031207058358214135,True
lateral_x5_y5,constant_width,union,64,2.9884202015303778e-05,8.852931935734396e-07,4.5873272805288924e-08,0.001537394175162096,True
lateral_x5_y5,constant_width,union,128,2.984384297208116e-05,4.035904322261915e-08,5.5142295826697714e-09,0.00018480356692417222,True
lateral_x5_y5,constant_width,union,256,2.9838630238019864e-05,5.212734061294053e-09,3.0149552137571814e-10,1.0104303226148873e-05,True
lateral_x5_y5,constant_width,union,512,2.9838335238265077e-05,2.9499975478765794e-10,6.4957665880601995e-12,2.1769874057350712e-07,True
lateral_x5_y5,constant_width,union,1024,2.9838324671536544e-05,1.0566728532614275e-11,4.070961944554075e-12,1.3643397992179895e-07,True
lateral_x5_y5,constant_width,union,2048,2.9838327980147904e-05,3.3086113601470124e-12,7.623505844070629e-13,2.5549372787801388e-08,True
lateral_x5_y5,constant_width,maximum,16,3.248673571486483e-05,,2.648406972366342e-06,0.08875855599091372,True
lateral_x5_y5,constant_width,maximum,32,3.076949520887722e-05,1.7172405059876134e-06,9.311664663787285e-07,0.031207058358214135,True
lateral_x5_y5,constant_width,maximum,64,2.9884202015303778e-05,8.852931935734396e-07,4.5873272805288924e-08,0.001537394175162096,True
lateral_x5_y5,constant_width,maximum,128,2.984384297208116e-05,4.035904322261915e-08,5.5142295826697714e-09,0.00018480356692417222,True
lateral_x5_y5,constant_width,maximum,256,2.9838630238019864e-05,5.212734061294053e-09,3.0149552137571814e-10,1.0104303226148873e-05,True
lateral_x5_y5,constant_width,maximum,512,2.9838335238265077e-05,2.9499975478765794e-10,6.4957665880601995e-12,2.1769874057350712e-07,True
lateral_x5_y5,constant_width,maximum,1024,2.9838324671536544e-05,1.0566728532614275e-11,4.070961944554075e-12,1.3643397992179895e-07,True
lateral_x5_y5,constant_width,maximum,2048,2.9838327980147904e-05,3.3086113601470124e-12,7.623505844070629e-13,2.5549372787801388e-08,True
lateral_x10_y0,isotropic,individual_1,16,0.25066210430469077,,5.794526222735463e-07,2.3116828304390197e-06,True
lateral_x10_y0,isotropic,individual_1,32,0.2506626801988023,5.758941115097116e-07,3.5585107638347324e-09,1.4196412128420425e-08,True
lateral_x10_y0,isotropic,individual_1,64,0.25066268349936005,3.30055777153504e-09,2.579529922996926e-10,1.0290841398212981e-09,True
lateral_x10_y0,isotropic,individual_1,128,0.2506626837405619,2.4120183628184577e-10,1.6751156017846824e-11,6.682748212360553e-11,True
lateral_x10_y0,isotropic,individual_1,256,0.25066268375625594,1.569405716494998e-11,1.0570988528968428e-12,4.217216687587636e-12,True
lateral_x10_y0,isotropic,individual_1,512,0.2506626837572468,9.908740494779522e-13,6.622480341889059e-14,2.641988924167437e-13,True
lateral_x10_y0,isotropic,individual_1,1024,0.2506626837573089,6.206146707654625e-14,4.163336342344337e-15,1.660931846710459e-14,True
lateral_x10_y0,isotropic,individual_1,2048,0.25066268375731277,3.885780586188048e-15,2.7755575615628914e-16,1.1072878978069727e-15,True
lateral_x10_y0,isotropic,union,16,0.25066210430469077,,5.794526222735463e-07,2.3116828304390197e-06,True
lateral_x10_y0,isotropic,union,32,0.2506626801988023,5.758941115097116e-07,3.5585107638347324e-09,1.4196412128420425e-08,True
lateral_x10_y0,isotropic,union,64,0.25066268349936005,3.30055777153504e-09,2.579529922996926e-10,1.0290841398212981e-09,True
lateral_x10_y0,isotropic,union,128,0.2506626837405619,2.4120183628184577e-10,1.6751156017846824e-11,6.682748212360553e-11,True
lateral_x10_y0,isotropic,union,256,0.25066268375625594,1.569405716494998e-11,1.0570988528968428e-12,4.217216687587636e-12,True
lateral_x10_y0,isotropic,union,512,0.2506626837572468,9.908740494779522e-13,6.622480341889059e-14,2.641988924167437e-13,True
lateral_x10_y0,isotropic,union,1024,0.2506626837573089,6.206146707654625e-14,4.163336342344337e-15,1.660931846710459e-14,True
lateral_x10_y0,isotropic,union,2048,0.25066268375731277,3.885780586188048e-15,2.7755575615628914e-16,1.1072878978069727e-15,True
lateral_x10_y0,isotropic,maximum,16,0.25066210430469077,,5.794526222735463e-07,2.3116828304390197e-06,True
lateral_x10_y0,isotropic,maximum,32,0.2506626801988023,5.758941115097116e-07,3.5585107638347324e-09,1.4196412128420425e-08,True
lateral_x10_y0,isotropic,maximum,64,0.25066268349936005,3.30055777153504e-09,2.579529922996926e-10,1.0290841398212981e-09,True
lateral_x10_y0,isotropic,maximum,128,0.2506626837405619,2.4120183628184577e-10,1.6751156017846824e-11,6.682748212360553e-11,True
lateral_x10_y0,isotropic,maximum,256,0.25066268375625594,1.569405716494998e-11,1.0570988528968428e-12,4.217216687587636e-12,True
lateral_x10_y0,isotropic,maximum,512,0.2506626837572468,9.908740494779522e-13,6.622480341889059e-14,2.641988924167437e-13,True
lateral_x10_y0,isotropic,maximum,1024,0.2506626837573089,6.206146707654625e-14,4.163336342344337e-15,1.660931846710459e-14,True
lateral_x10_y0,isotropic,maximum,2048,0.25066268375731277,3.885780586188048e-15,2.7755575615628914e-16,1.1072878978069727e-15,True
lateral_x10_y0,expanding,individual_1,16,0.4791666666666667,,0.004166666666666707,0.00877192982456149,True
lateral_x10_y0,expanding,individual_1,32,0.4763997395833333,0.0027669270833333703,0.001399739583333337,0.0029468201754386044,True
lateral_x10_y0,expanding,individual_1,64,0.4752604166666667,0.0011393229166666297,0.0002604166666667074,0.0005482456140351734,True
lateral_x10_y0,expanding,individual_1,128,0.4749825795491536,0.00027783711751305784,1.7420450846350466e-05,3.667463336073783e-05,True
lateral_x10_y0,expanding,individual_1,256,0.47499720255533856,1.462300618493284e-05,2.797444661417625e-06,5.8893571819318424e-06,True
lateral_x10_y0,expanding,individual_1,512,0.4750002895792325,3.0870238939550987e-06,2.8957923253747353e-07,6.096404895525759e-07,True
lateral_x10_y0,expanding,individual_1,1024,0.4750000486771266,2.4090210593019634e-07,4.867712660727719e-08,1.024781612784783e-07,True
lateral_x10_y0,expanding,individual_1,2048,0.4749999955432334,5.3133893174184266e-08,4.456766566907078e-09,9.38266645664648e-09,True
lateral_x10_y0,expanding,union,16,0.4791666666666667,,0.004166666666666707,0.00877192982456149,True
lateral_x10_y0,expanding,union,32,0.4763997395833333,0.0027669270833333703,0.001399739583333337,0.0029468201754386044,True
lateral_x10_y0,expanding,union,64,0.4752604166666667,0.0011393229166666297,0.0002604166666667074,0.0005482456140351734,True
lateral_x10_y0,expanding,union,128,0.4749825795491536,0.00027783711751305784,1.7420450846350466e-05,3.667463336073783e-05,True
lateral_x10_y0,expanding,union,256,0.47499720255533856,1.462300618493284e-05,2.797444661417625e-06,5.8893571819318424e-06,True
lateral_x10_y0,expanding,union,512,0.4750002895792325,3.0870238939550987e-06,2.8957923253747353e-07,6.096404895525759e-07,True
lateral_x10_y0,expanding,union,1024,0.4750000486771266,2.4090210593019634e-07,4.867712660727719e-08,1.024781612784783e-07,True
lateral_x10_y0,expanding,union,2048,0.4749999955432334,5.3133893174184266e-08,4.456766566907078e-09,9.38266645664648e-09,True
lateral_x10_y0,expanding,maximum,16,0.4791666666666667,,0.004166666666666707,0.00877192982456149,True
lateral_x10_y0,expanding,maximum,32,0.4763997395833333,0.0027669270833333703,0.001399739583333337,0.0029468201754386044,True
lateral_x10_y0,expanding,maximum,64,0.4752604166666667,0.0011393229166666297,0.0002604166666667074,0.0005482456140351734,True
lateral_x10_y0,expanding,maximum,128,0.4749825795491536,0.00027783711751305784,1.7420450846350466e-05,3.667463336073783e-05,True
lateral_x10_y0,expanding,maximum,256,0.47499720255533856,1.462300618493284e-05,2.797444661417625e-06,5.8893571819318424e-06,True
lateral_x10_y0,expanding,maximum,512,0.4750002895792325,3.0870238939550987e-06,2.8957923253747353e-07,6.096404895525759e-07,True
lateral_x10_y0,expanding,maximum,1024,0.4750000486771266,2.4090210593019634e-07,4.867712660727719e-08,1.024781612784783e-07,True
lateral_x10_y0,expanding,maximum,2048,0.4749999955432334,5.3133893174184266e-08,4.456766566907078e-09,9.38266645664648e-09,True
lateral_x10_y0,constant_width,individual_1,16,0.4791666666666667,,0.004166666666666707,0.00877192982456149,True
lateral_x10_y0,constant_width,individual_1,32,0.4763997395833333,0.0027669270833333703,0.001399739583333337,0.0029468201754386044,True
lateral_x10_y0,constant_width,individual_1,64,0.4752604166666667,0.0011393229166666297,0.0002604166666667074,0.0005482456140351734,True
lateral_x10_y0,constant_width,individual_1,128,0.4749825795491536,0.00027783711751305784,1.7420450846350466e-05,3.667463336073783e-05,True
lateral_x10_y0,constant_width,individual_1,256,0.47499720255533856,1.462300618493284e-05,2.797444661417625e-06,5.8893571819318424e-06,True
lateral_x10_y0,constant_width,individual_1,512,0.4750002895792325,3.0870238939550987e-06,2.8957923253747353e-07,6.096404895525759e-07,True
lateral_x10_y0,constant_width,individual_1,1024,0.4750000486771266,2.4090210593019634e-07,4.867712660727719e-08,1.024781612784783e-07,True
lateral_x10_y0,constant_width,individual_1,2048,0.4749999955432334,5.3133893174184266e-08,4.456766566907078e-09,9.38266645664648e-09,True
lateral_x10_y0,constant_width,union,16,0.4791666666666667,,0.004166666666666707,0.00877192982456149,True
lateral_x10_y0,constant_width,union,32,0.4763997395833333,0.0027669270833333703,0.001399739583333337,0.0029468201754386044,True
lateral_x10_y0,constant_width,union,64,0.4752604166666667,0.0011393229166666297,0.0002604166666667074,0.0005482456140351734,True
lateral_x10_y0,constant_width,union,128,0.4749825795491536,0.00027783711751305784,1.7420450846350466e-05,3.667463336073783e-05,True
lateral_x10_y0,constant_width,union,256,0.47499720255533856,1.462300618493284e-05,2.797444661417625e-06,5.8893571819318424e-06,True
lateral_x10_y0,constant_width,union,512,0.4750002895792325,3.0870238939550987e-06,2.8957923253747353e-07,6.096404895525759e-07,True
lateral_x10_y0,constant_width,union,1024,0.4750000486771266,2.4090210593019634e-07,4.867712660727719e-08,1.024781612784783e-07,True
lateral_x10_y0,constant_width,union,2048,0.4749999955432334,5.3133893174184266e-08,4.456766566907078e-09,9.38266645664648e-09,True
lateral_x10_y0,constant_width,maximum,16,0.4791666666666667,,0.004166666666666707,0.00877192982456149,True
lateral_x10_y0,constant_width,maximum,32,0.4763997395833333,0.0027669270833333703,0.001399739583333337,0.0029468201754386044,True
lateral_x10_y0,constant_width,maximum,64,0.4752604166666667,0.0011393229166666297,0.0002604166666667074,0.0005482456140351734,True
lateral_x10_y0,constant_width,maximum,128,0.4749825795491536,0.00027783711751305784,1.7420450846350466e-05,3.667463336073783e-05,True
lateral_x10_y0,constant_width,maximum,256,0.47499720255533856,1.462300618493284e-05,2.797444661417625e-06,5.8893571819318424e-06,True
lateral_x10_y0,constant_width,maximum,512,0.4750002895792325,3.0870238939550987e-06,2.8957923253747353e-07,6.096404895525759e-07,True
lateral_x10_y0,constant_width,maximum,1024,0.4750000486771266,2.4090210593019634e-07,4.867712660727719e-08,1.024781612784783e-07,True
lateral_x10_y0,constant_width,maximum,2048,0.4749999955432334,5.3133893174184266e-08,4.456766566907078e-09,9.38266645664648e-09,True
lateral_x10_y1,isotropic,individual_1,16,0.2212085306442264,,5.113651443122702e-07,2.3116828302642713e-06,True
lateral_x10_y1,isotropic,individual_1,32,0.221209038868996,5.082247696019948e-07,3.1403747102753954e-09,1.4196412053275673e-08,True
lateral_x10_y1,isotropic,individual_1,64,0.22120904178172807,2.9127320555488723e-09,2.2764265472652312e-10,1.0290838595868964e-09,True
lateral_x10_y1,isotropic,individual_1,128,0.22120904199458788,2.1285981310903423e-10,1.4782841617488884e-11,6.682747451554292e-11,True
lateral_x10_y1,isotropic,individual_1,256,0.22120904200843786,1.3849976721047597e-11,9.328648964412878e-13,4.217119191727119e-12,True
lateral_x10_y1,isotropic,individual_1,512,0.22120904200931227,8.744116541947733e-13,5.845324224651449e-14,2.6424436232601347e-13,True
lateral_x10_y1,isotropic,individual_1,1024,0.22120904200936709,5.4817261840867104e-14,3.635980405647388e-15,1.6436852547344616e-14,True
lateral_x10_y1,isotropic,individual_1,2048,0.2212090420093705,3.4139358007223564e-15,2.220446049250313e-16,1.0037772547996714e-15,True
lateral_x10_y1,isotropic,union,16,0.2212085306442264,,5.113651443122702e-07,2.3116828302642713e-06,True
lateral_x10_y1,isotropic,union,32,0.221209038868996,5.082247696019948e-07,3.1403747102753954e-09,1.4196412053275673e-08,True
lateral_x10_y1,isotropic,union,64,0.22120904178172807,2.9127320555488723e-09,2.2764265472652312e-10,1.0290838595868964e-09,True
lateral_x10_y1,isotropic,union,128,0.22120904199458788,2.1285981310903423e-10,1.4782841617488884e-11,6.682747451554292e-11,True
lateral_x10_y1,isotropic,union,256,0.22120904200843786,1.3849976721047597e-11,9.328648964412878e-13,4.217119191727119e-12,True
lateral_x10_y1,isotropic,union,512,0.22120904200931227,8.744116541947733e-13,5.845324224651449e-14,2.6424436232601347e-13,True
lateral_x10_y1,isotropic,union,1024,0.22120904200936709,5.4817261840867104e-14,3.635980405647388e-15,1.6436852547344616e-14,True
lateral_x10_y1,isotropic,union,2048,0.2212090420093705,3.4139358007223564e-15,2.220446049250313e-16,1.0037772547996714e-15,True
lateral_x10_y1,isotropic,maximum,16,0.2212085306442264,,5.113651443122702e-07,2.3116828302642713e-06,True
lateral_x10_y1,isotropic,maximum,32,0.221209038868996,5.082247696019948e-07,3.1403747102753954e-09,1.4196412053275673e-08,True
lateral_x10_y1,isotropic,maximum,64,0.22120904178172807,2.9127320555488723e-09,2.2764265472652312e-10,1.0290838595868964e-09,True
lateral_x10_y1,isotropic,maximum,128,0.22120904199458788,2.1285981310903423e-10,1.4782841617488884e-11,6.682747451554292e-11,True
lateral_x10_y1,isotropic,maximum,256,0.22120904200843786,1.3849976721047597e-11,9.328648964412878e-13,4.217119191727119e-12,True
lateral_x10_y1,isotropic,maximum,512,0.22120904200931227,8.744116541947733e-13,5.845324224651449e-14,2.6424436232601347e-13,True
lateral_x10_y1,isotropic,maximum,1024,0.22120904200936709,5.4817261840867104e-14,3.635980405647388e-15,1.6436852547344616e-14,True
lateral_x10_y1,isotropic,maximum,2048,0.2212090420093705,3.4139358007223564e-15,2.220446049250313e-16,1.0037772547996714e-15,True
lateral_x10_y1,expanding,individual_1,16,0.41829554177215117,,0.008166426640024482,0.019911843218918014,True
lateral_x10_y1,expanding,individual_1,32,0.41037429852904134,0.007921243243109832,0.00024518339691464996,0.000597820022691298,True
lateral_x10_y1,expanding,individual_1,64,0.4102009847793103,0.00017331374973106328,7.186964718358668e-05,0.00017523663776085061,True
lateral_x10_y1,expanding,individual_1,128,0.4101166784276857,8.430635162459676e-05,1.2436704441010082e-05,3.032387602378214e-05,True
lateral_x10_y1,expanding,individual_1,256,0.4101315855946484,1.4907166962729868e-05,2.470462521719785e-06,6.023621417182011e-06,True
lateral_x10_y1,expanding,individual_1,512,0.410128597784062,2.987810586385642e-06,5.173480646658568e-07,1.2614273056405385e-06,True
lateral_x10_y1,expanding,individual_1,1024,0.41012909924125057,5.014571885508801e-07,1.589087611497675e-08,3.874603272156712e-08,True
lateral_x10_y1,expanding,individual_1,2048,0.4101291178147735,1.8573522941878196e-08,2.682646826901447e-09,6.540981188417235e-09,True
lateral_x10_y1,expanding,union,16,0.41829554177215117,,0.008166426640024482,0.019911843218918014,True
lateral_x10_y1,expanding,union,32,0.41037429852904134,0.007921243243109832,0.00024518339691464996,0.000597820022691298,True
lateral_x10_y1,expanding,union,64,0.4102009847793103,0.00017331374973106328,7.186964718358668e-05,0.00017523663776085061,True
lateral_x10_y1,expanding,union,128,0.4101166784276857,8.430635162459676e-05,1.2436704441010082e-05,3.032387602378214e-05,True
lateral_x10_y1,expanding,union,256,0.4101315855946484,1.4907166962729868e-05,2.470462521719785e-06,6.023621417182011e-06,True
lateral_x10_y1,expanding,union,512,0.410128597784062,2.987810586385642e-06,5.173480646658568e-07,1.2614273056405385e-06,True
lateral_x10_y1,expanding,union,1024,0.41012909924125057,5.014571885508801e-07,1.589087611497675e-08,3.874603272156712e-08,True
lateral_x10_y1,expanding,union,2048,0.4101291178147735,1.8573522941878196e-08,2.682646826901447e-09,6.540981188417235e-09,True
lateral_x10_y1,expanding,maximum,16,0.41829554177215117,,0.008166426640024482,0.019911843218918014,True
lateral_x10_y1,expanding,maximum,32,0.41037429852904134,0.007921243243109832,0.00024518339691464996,0.000597820022691298,True
lateral_x10_y1,expanding,maximum,64,0.4102009847793103,0.00017331374973106328,7.186964718358668e-05,0.00017523663776085061,True
lateral_x10_y1,expanding,maximum,128,0.4101166784276857,8.430635162459676e-05,1.2436704441010082e-05,3.032387602378214e-05,True
lateral_x10_y1,expanding,maximum,256,0.4101315855946484,1.4907166962729868e-05,2.470462521719785e-06,6.023621417182011e-06,True
lateral_x10_y1,expanding,maximum,512,0.410128597784062,2.987810586385642e-06,5.173480646658568e-07,1.2614273056405385e-06,True
lateral_x10_y1,expanding,maximum,1024,0.41012909924125057,5.014571885508801e-07,1.589087611497675e-08,3.874603272156712e-08,True
lateral_x10_y1,expanding,maximum,2048,0.4101291178147735,1.8573522941878196e-08,2.682646826901447e-09,6.540981188417235e-09,True
lateral_x10_y1,constant_width,individual_1,16,0.3583343779782191,,0.007979482688338091,0.022775427989199144,True
lateral_x10_y1,constant_width,individual_1,32,0.3506380009865127,0.0076963769917063884,0.0002831056966317025,0.0008080540630022109,True
lateral_x10_y1,constant_width,individual_1,64,0.350424995488372,0.0002130054981406837,7.010019849101878e-05,0.00020008339952840793,True
lateral_x10_y1,constant_width,individual_1,128,0.3503420597306685,8.293575770351724e-05,1.283555921249846e-05,3.6635878034124266e-05,True
lateral_x10_y1,constant_width,individual_1,256,0.3503573777401987,1.5318009530196353e-05,2.482450317697893e-06,7.085530560787319e-06,True
lateral_x10_y1,constant_width,individual_1,512,0.3503543818540164,2.995886182299845e-06,5.134358646019521e-07,1.4654736425964282e-06,True
lateral_x10_y1,constant_width,individual_1,1024,0.3503548804467711,4.985927546941049e-07,1.4843109907847207e-08,4.236592697118198e-08,True
lateral_x10_y1,constant_width,individual_1,2048,0.350354897868058,1.7421286913066325e-08,2.5781770052191177e-09,7.358758332992475e-09,True
lateral_x10_y1,constant_width,union,16,0.3583343779782191,,0.007979482688338091,0.022775427989199144,True
lateral_x10_y1,constant_width,union,32,0.3506380009865127,0.0076963769917063884,0.0002831056966317025,0.0008080540630022109,True
lateral_x10_y1,constant_width,union,64,0.350424995488372,0.0002130054981406837,7.010019849101878e-05,0.00020008339952840793,True
lateral_x10_y1,constant_width,union,128,0.3503420597306685,8.293575770351724e-05,1.283555921249846e-05,3.6635878034124266e-05,True
lateral_x10_y1,constant_width,union,256,0.3503573777401987,1.5318009530196353e-05,2.482450317697893e-06,7.085530560787319e-06,True
lateral_x10_y1,constant_width,union,512,0.3503543818540164,2.995886182299845e-06,5.134358646019521e-07,1.4654736425964282e-06,True
lateral_x10_y1,constant_width,union,1024,0.3503548804467711,4.985927546941049e-07,1.4843109907847207e-08,4.236592697118198e-08,True
lateral_x10_y1,constant_width,union,2048,0.350354897868058,1.7421286913066325e-08,2.5781770052191177e-09,7.358758332992475e-09,True
lateral_x10_y1,constant_width,maximum,16,0.3583343779782191,,0.007979482688338091,0.022775427989199144,True
lateral_x10_y1,constant_width,maximum,32,0.3506380009865127,0.0076963769917063884,0.0002831056966317025,0.0008080540630022109,True
lateral_x10_y1,constant_width,maximum,64,0.350424995488372,0.0002130054981406837,7.010019849101878e-05,0.00020008339952840793,True
lateral_x10_y1,constant_width,maximum,128,0.3503420597306685,8.293575770351724e-05,1.283555921249846e-05,3.6635878034124266e-05,True
lateral_x10_y1,constant_width,maximum,256,0.3503573777401987,1.5318009530196353e-05,2.482450317697893e-06,7.085530560787319e-06,True
lateral_x10_y1,constant_width,maximum,512,0.3503543818540164,2.995886182299845e-06,5.134358646019521e-07,1.4654736425964282e-06,True
lateral_x10_y1,constant_width,maximum,1024,0.3503548804467711,4.985927546941049e-07,1.4843109907847207e-08,4.236592697118198e-08,True
lateral_x10_y1,constant_width,maximum,2048,0.350354897868058,1.7421286913066325e-08,2.5781770052191177e-09,7.358758332992475e-09,True
lateral_x10_y2,isotropic,individual_1,16,0.15203425148888106,,3.514557812278607e-07,2.31168283022901e-06,True
lateral_x10_y2,isotropic,individual_1,32,0.1520346007863164,3.4929743533695934e-07,2.1583458909013586e-09,1.4196412192341212e-08,True
lateral_x10_y2,isotropic,individual_1,64,0.1520346027882059,2.0018895152684735e-09,1.5645637563288517e-10,1.0290839887932112e-09,True
lateral_x10_y2,isotropic,individual_1,128,0.1520346029345022,1.462962806453305e-10,1.0160094987554658e-11,6.682751683347205e-11,True
lateral_x10_y2,isotropic,individual_1,256,0.15203460294402113,9.51894119083363e-12,6.411537967210279e-13,4.217157043876358e-12,True
lateral_x10_y2,isotropic,individual_1,512,0.15203460294462212,6.009914788052129e-13,4.016231791581504e-14,2.6416563820299096e-13,True
lateral_x10_y2,isotropic,individual_1,1024,0.15203460294465979,3.7664316110408436e-14,2.4980018054066022e-15,1.643048198912867e-14,True
lateral_x10_y2,isotropic,individual_1,2048,0.15203460294466212,2.3314683517128287e-15,1.6653345369377348e-16,1.0953654659419113e-15,True
lateral_x10_y2,isotropic,union,16,0.15203425148888106,,3.514557812278607e-07,2.31168283022901e-06,True
lateral_x10_y2,isotropic,union,32,0.1520346007863164,3.4929743533695934e-07,2.1583458909013586e-09,1.4196412192341212e-08,True
lateral_x10_y2,isotropic,union,64,0.1520346027882059,2.0018895152684735e-09,1.5645637563288517e-10,1.0290839887932112e-09,True
lateral_x10_y2,isotropic,union,128,0.1520346029345022,1.462962806453305e-10,1.0160094987554658e-11,6.682751683347205e-11,True
lateral_x10_y2,isotropic,union,256,0.15203460294402113,9.51894119083363e-12,6.411537967210279e-13,4.217157043876358e-12,True
lateral_x10_y2,isotropic,union,512,0.15203460294462212,6.009914788052129e-13,4.016231791581504e-14,2.6416563820299096e-13,True
lateral_x10_y2,isotropic,union,1024,0.15203460294465979,3.7664316110408436e-14,2.4980018054066022e-15,1.643048198912867e-14,True
lateral_x10_y2,isotropic,union,2048,0.15203460294466212,2.3314683517128287e-15,1.6653345369377348e-16,1.0953654659419113e-15,True
lateral_x10_y2,isotropic,maximum,16,0.15203425148888106,,3.514557812278607e-07,2.31168283022901e-06,True
lateral_x10_y2,isotropic,maximum,32,0.1520346007863164,3.4929743533695934e-07,2.1583458909013586e-09,1.4196412192341212e-08,True
lateral_x10_y2,isotropic,maximum,64,0.1520346027882059,2.0018895152684735e-09,1.5645637563288517e-10,1.0290839887932112e-09,True
lateral_x10_y2,isotropic,maximum,128,0.1520346029345022,1.462962806453305e-10,1.0160094987554658e-11,6.682751683347205e-11,True
lateral_x10_y2,isotropic,maximum,256,0.15203460294402113,9.51894119083363e-12,6.411537967210279e-13,4.217157043876358e-12,True
lateral_x10_y2,isotropic,maximum,512,0.15203460294462212,6.009914788052129e-13,4.016231791581504e-14,2.6416563820299096e-13,True
lateral_x10_y2,isotropic,maximum,1024,0.15203460294465979,3.7664316110408436e-14,2.4980018054066022e-15,1.643048198912867e-14,True
lateral_x10_y2,isotropic,maximum,2048,0.15203460294466212,2.3314683517128287e-15,1.6653345369377348e-16,1.0953654659419113e-15,True
lateral_x10_y2,expanding,individual_1,16,0.2721684514726214,,0.010955852244333875,0.04194228102588181,True
lateral_x10_y2,expanding,individual_1,32,0.25947461090363905,0.012693840568982373,0.0017379883246484984,0.006653539414955931,True
lateral_x10_y2,expanding,individual_1,64,0.26120873845013065,0.001734127546491604,3.860778156894451e-06,1.4780214156210407e-05,True
lateral_x10_y2,expanding,individual_1,128,0.26120687476190363,1.8636882270217647e-06,5.724466383916216e-06,2.1914970414245987e-05,True
lateral_x10_y2,expanding,individual_1,256,0.2612133718130904,6.497051186771241e-06,7.725848028550253e-07,2.957685828086043e-06,True
lateral_x10_y2,expanding,individual_1,512,0.2612123929510752,9.78862015221793e-07,2.0627721236676777e-07,7.896908991992809e-07,True
lateral_x10_y2,expanding,individual_1,1024,0.26121254286550977,1.4991443458844955e-07,5.636277777831822e-08,2.157735803894352e-07,True
lateral_x10_y2,expanding,individual_1,2048,0.26121260205758073,5.9192070966940236e-08,2.8292931886220174e-09,1.0831381016768445e-08,True
lateral_x10_y2,expanding,union,16,0.2721684514726214,,0.010955852244333875,0.04194228102588181,True
lateral_x10_y2,expanding,union,32,0.25947461090363905,0.012693840568982373,0.0017379883246484984,0.006653539414955931,True
lateral_x10_y2,expanding,union,64,0.26120873845013065,0.001734127546491604,3.860778156894451e-06,1.4780214156210407e-05,True
lateral_x10_y2,expanding,union,128,0.26120687476190363,1.8636882270217647e-06,5.724466383916216e-06,2.1914970414245987e-05,True
lateral_x10_y2,expanding,union,256,0.2612133718130904,6.497051186771241e-06,7.725848028550253e-07,2.957685828086043e-06,True
lateral_x10_y2,expanding,union,512,0.2612123929510752,9.78862015221793e-07,2.0627721236676777e-07,7.896908991992809e-07,True
lateral_x10_y2,expanding,union,1024,0.26121254286550977,1.4991443458844955e-07,5.636277777831822e-08,2.157735803894352e-07,True
lateral_x10_y2,expanding,union,2048,0.26121260205758073,5.9192070966940236e-08,2.8292931886220174e-09,1.0831381016768445e-08,True
lateral_x10_y2,expanding,maximum,16,0.2721684514726214,,0.010955852244333875,0.04194228102588181,True
lateral_x10_y2,expanding,maximum,32,0.25947461090363905,0.012693840568982373,0.0017379883246484984,0.006653539414955931,True
lateral_x10_y2,expanding,maximum,64,0.26120873845013065,0.001734127546491604,3.860778156894451e-06,1.4780214156210407e-05,True
lateral_x10_y2,expanding,maximum,128,0.26120687476190363,1.8636882270217647e-06,5.724466383916216e-06,2.1914970414245987e-05,True
lateral_x10_y2,expanding,maximum,256,0.2612133718130904,6.497051186771241e-06,7.725848028550253e-07,2.957685828086043e-06,True
lateral_x10_y2,expanding,maximum,512,0.2612123929510752,9.78862015221793e-07,2.0627721236676777e-07,7.896908991992809e-07,True
lateral_x10_y2,expanding,maximum,1024,0.26121254286550977,1.4991443458844955e-07,5.636277777831822e-08,2.157735803894352e-07,True
lateral_x10_y2,expanding,maximum,2048,0.26121260205758073,5.9192070966940236e-08,2.8292931886220174e-09,1.0831381016768445e-08,True
lateral_x10_y2,constant_width,individual_1,16,0.1607474494836456,,0.010587224259731576,0.07050618260557516,True
lateral_x10_y2,constant_width,individual_1,32,0.14850523919385675,0.012242210289788863,0.0016549860300572872,0.011021467419813908,True
lateral_x10_y2,constant_width,individual_1,64,0.15016416328585586,0.0016589240919991088,3.938061941821669e-06,2.6225732786091386e-05,True
lateral_x10_y2,constant_width,individual_1,128,0.15015344611965706,1.0717166198798145e-05,6.779104256976476e-06,4.5145805068337484e-05,True
lateral_x10_y2,constant_width,individual_1,256,0.15016103100044545,7.58488078839159e-06,8.057765314151144e-07,5.366111633180935e-06,True
lateral_x10_y2,constant_width,individual_1,512,0.1501600324858971,9.985145483504265e-07,1.9273801693531212e-07,1.2835490666580146e-06,True
lateral_x10_y2,constant_width,individual_1,1024,0.150160171722048,1.3923615091449015e-07,5.3501866020821964e-08,3.562985200710889e-07,True
lateral_x10_y2,constant_width,individual_1,2048,0.15016022769291523,5.597086721875755e-08,2.469001197935583e-09,1.6442444690355845e-08,True
lateral_x10_y2,constant_width,union,16,0.1607474494836456,,0.010587224259731576,0.07050618260557516,True
lateral_x10_y2,constant_width,union,32,0.14850523919385675,0.012242210289788863,0.0016549860300572872,0.011021467419813908,True
lateral_x10_y2,constant_width,union,64,0.15016416328585586,0.0016589240919991088,3.938061941821669e-06,2.6225732786091386e-05,True
lateral_x10_y2,constant_width,union,128,0.15015344611965706,1.0717166198798145e-05,6.779104256976476e-06,4.5145805068337484e-05,True
lateral_x10_y2,constant_width,union,256,0.15016103100044545,7.58488078839159e-06,8.057765314151144e-07,5.366111633180935e-06,True
lateral_x10_y2,constant_width,union,512,0.1501600324858971,9.985145483504265e-07,1.9273801693531212e-07,1.2835490666580146e-06,True
lateral_x10_y2,constant_width,union,1024,0.150160171722048,1.3923615091449015e-07,5.3501866020821964e-08,3.562985200710889e-07,True
lateral_x10_y2,constant_width,union,2048,0.15016022769291523,5.597086721875755e-08,2.469001197935583e-09,1.6442444690355845e-08,True
lateral_x10_y2,constant_width,maximum,16,0.1607474494836456,,0.010587224259731576,0.07050618260557516,True
lateral_x10_y2,constant_width,maximum,32,0.14850523919385675,0.012242210289788863,0.0016549860300572872,0.011021467419813908,True
lateral_x10_y2,constant_width,maximum,64,0.15016416328585586,0.0016589240919991088,3.938061941821669e-06,2.6225732786091386e-05,True
lateral_x10_y2,constant_width,maximum,128,0.15015344611965706,1.0717166198798145e-05,6.779104256976476e-06,4.5145805068337484e-05,True
lateral_x10_y2,constant_width,maximum,256,0.15016103100044545,7.58488078839159e-06,8.057765314151144e-07,5.366111633180935e-06,True
lateral_x10_y2,constant_width,maximum,512,0.1501600324858971,9.985145483504265e-07,1.9273801693531212e-07,1.2835490666580146e-06,True
lateral_x10_y2,constant_width,maximum,1024,0.150160171722048,1.3923615091449015e-07,5.3501866020821964e-08,3.562985200710889e-07,True
lateral_x10_y2,constant_width,maximum,2048,0.15016022769291523,5.597086721875755e-08,2.469001197935583e-09,1.6442444690355845e-08,True
lateral_x10_y5,isotropic,individual_1,16,0.011013324238738824,,2.5459371404482067e-08,2.311682830597e-06,True
lateral_x10_y5,isotropic,individual_1,32,0.011013349541760179,2.5303021355255195e-08,1.5635004922687212e-10,1.419641194664872e-08,True
lateral_x10_y5,isotropic,individual_1,64,0.011013349686776565,1.4501638605224354e-10,1.1333663174628583e-11,1.029084110220646e-09,True
lateral_x10_y5,isotropic,individual_1,128,0.011013349697374232,1.0597666841305475e-11,7.359963333231079e-13,6.682765493675343e-11,True
lateral_x10_y5,isotropic,individual_1,256,0.011013349698063784,6.895525817007808e-13,4.6443751622327056e-14,4.217041399338868e-12,True
lateral_x10_y5,isotropic,individual_1,512,0.011013349698107319,4.353462035311395e-14,2.9091312692131055e-15,2.641459091880358e-13,True
lateral_x10_y5,isotropic,individual_1,1024,0.011013349698110046,2.7269853042355408e-15,1.8214596497756474e-16,1.65386526325246e-14,True
lateral_x10_y5,isotropic,individual_1,2048,0.011013349698110216,1.700029006457271e-16,1.214306433183765e-17,1.1025768421683067e-15,True
lateral_x10_y5,isotropic,union,16,0.011013324238738824,,2.5459371404482067e-08,2.311682830597e-06,True
lateral_x10_y5,isotropic,union,32,0.011013349541760179,2.5303021355255195e-08,1.5635004922687212e-10,1.419641194664872e-08,True
lateral_x10_y5,isotropic,union,64,0.011013349686776565,1.4501638605224354e-10,1.1333663174628583e-11,1.029084110220646e-09,True
lateral_x10_y5,isotropic,union,128,0.011013349697374232,1.0597666841305475e-11,7.359963333231079e-13,6.682765493675343e-11,True
lateral_x10_y5,isotropic,union,256,0.011013349698063784,6.895525817007808e-13,4.6443751622327056e-14,4.217041399338868e-12,True
lateral_x10_y5,isotropic,union,512,0.011013349698107319,4.353462035311395e-14,2.9091312692131055e-15,2.641459091880358e-13,True
lateral_x10_y5,isotropic,union,1024,0.011013349698110046,2.7269853042355408e-15,1.8214596497756474e-16,1.65386526325246e-14,True
lateral_x10_y5,isotropic,union,2048,0.011013349698110216,1.700029006457271e-16,1.214306433183765e-17,1.1025768421683067e-15,True
lateral_x10_y5,isotropic,maximum,16,0.011013324238738824,,2.5459371404482067e-08,2.311682830597e-06,True
lateral_x10_y5,isotropic,maximum,32,0.011013349541760179,2.5303021355255195e-08,1.5635004922687212e-10,1.419641194664872e-08,True
lateral_x10_y5,isotropic,maximum,64,0.011013349686776565,1.4501638605224354e-10,1.1333663174628583e-11,1.029084110220646e-09,True
lateral_x10_y5,isotropic,maximum,128,0.011013349697374232,1.0597666841305475e-11,7.359963333231079e-13,6.682765493675343e-11,True
lateral_x10_y5,isotropic,maximum,256,0.011013349698063784,6.895525817007808e-13,4.6443751622327056e-14,4.217041399338868e-12,True
lateral_x10_y5,isotropic,maximum,512,0.011013349698107319,4.353462035311395e-14,2.9091312692131055e-15,2.641459091880358e-13,True
lateral_x10_y5,isotropic,maximum,1024,0.011013349698110046,2.7269853042355408e-15,1.8214596497756474e-16,1.65386526325246e-14,True
lateral_x10_y5,isotropic,maximum,2048,0.011013349698110216,1.700029006457271e-16,1.214306433183765e-17,1.1025768421683067e-15,True
lateral_x10_y5,expanding,individual_1,16,0.006943421024598364,,0.00014155897913538298,0.020811798032541177,True
lateral_x10_y5,expanding,individual_1,32,0.006809565235727487,0.00013385578887087704,7.703190264505937e-06,0.0011325119817218528,True
lateral_x10_y5,expanding,individual_1,64,0.00680461707253566,4.94816319182665e-06,2.7550270726792864e-06,0.0004050401278745371,True
lateral_x10_y5,expanding,individual_1,128,0.006802262072909167,2.354999626493111e-06,4.0002744618617553e-07,5.881146126052413e-05,True
lateral_x10_y5,expanding,individual_1,256,0.006801837198755161,4.248741540067297e-07,2.4846707820554148e-08,3.65292733879064e-06,True
lateral_x10_y5,expanding,individual_1,512,0.006801855241388369,1.804263320866195e-08,6.804074611892197e-09,1.0003252883422843e-06,True
lateral_x10_y5,expanding,individual_1,1024,0.0068018628861008165,7.644712447275881e-09,8.406378353836841e-10,1.2358936858244743e-07,True
lateral_x10_y5,expanding,individual_1,2048,0.006801861955513432,9.305873849285717e-10,8.994954954488765e-11,1.322425373282693e-08,True
lateral_x10_y5,expanding,union,16,0.006943421024598364,,0.00014155897913538298,0.020811798032541177,True
lateral_x10_y5,expanding,union,32,0.006809565235727487,0.00013385578887087704,7.703190264505937e-06,0.0011325119817218528,True
lateral_x10_y5,expanding,union,64,0.00680461707253566,4.94816319182665e-06,2.7550270726792864e-06,0.0004050401278745371,True
lateral_x10_y5,expanding,union,128,0.006802262072909167,2.354999626493111e-06,4.0002744618617553e-07,5.881146126052413e-05,True
lateral_x10_y5,expanding,union,256,0.006801837198755161,4.248741540067297e-07,2.4846707820554148e-08,3.65292733879064e-06,True
lateral_x10_y5,expanding,union,512,0.006801855241388369,1.804263320866195e-08,6.804074611892197e-09,1.0003252883422843e-06,True
lateral_x10_y5,expanding,union,1024,0.006801862886100817,7.644712448143243e-09,8.406378362510458e-10,1.235893687099657e-07,True
lateral_x10_y5,expanding,union,2048,0.006801861955513432,9.305873857959335e-10,8.994954954488765e-11,1.322425373282693e-08,True
lateral_x10_y5,expanding,maximum,16,0.006943421024598364,,0.00014155897913538298,0.020811798032541177,True
lateral_x10_y5,expanding,maximum,32,0.006809565235727487,0.00013385578887087704,7.703190264505937e-06,0.0011325119817218528,True
lateral_x10_y5,expanding,maximum,64,0.00680461707253566,4.94816319182665e-06,2.7550270726792864e-06,0.0004050401278745371,True
lateral_x10_y5,expanding,maximum,128,0.006802262072909167,2.354999626493111e-06,4.0002744618617553e-07,5.881146126052413e-05,True
lateral_x10_y5,expanding,maximum,256,0.006801837198755161,4.248741540067297e-07,2.4846707820554148e-08,3.65292733879064e-06,True
lateral_x10_y5,expanding,maximum,512,0.006801855241388369,1.804263320866195e-08,6.804074611892197e-09,1.0003252883422843e-06,True
lateral_x10_y5,expanding,maximum,1024,0.0068018628861008165,7.644712447275881e-09,8.406378353836841e-10,1.2358936858244743e-07,True
lateral_x10_y5,expanding,maximum,2048,0.006801861955513432,9.305873849285717e-10,8.994954954488765e-11,1.322425373282693e-08,True
lateral_x10_y5,constant_width,individual_1,16,0.001034889145656776,,4.196270303135404e-05,0.04226164318919677,True
lateral_x10_y5,constant_width,individual_1,32,0.0010112008717773357,2.3688273879440185e-05,1.8274429151913857e-05,0.018404615253869137,True
lateral_x10_y5,constant_width,individual_1,64,0.0009951099858964316,1.6090885880904078e-05,2.1835432710097784e-06,0.0021990987219921514,True
lateral_x10_y5,constant_width,individual_1,128,0.000993146784377283,1.9632015191485986e-06,2.2034175186117985e-07,0.00022191145527212334,True
lateral_x10_y5,constant_width,individual_1,256,0.0009929178551260026,2.28929251280428e-07,8.587499419248149e-09,8.648676327464625e-06,True
lateral_x10_y5,constant_width,individual_1,512,0.0009929232887811359,5.4336551332575395e-09,3.153844285990609e-09,3.176312111954084e-06,True
lateral_x10_y5,constant_width,individual_1,1024,0.0009929268590250914,3.570243955509922e-09,4.1639966951931284e-10,4.1936607954391865e-07,True
lateral_x10_y5,constant_width,individual_1,2048,0.0009929263996194962,4.5940559516288726e-10,4.3005925643574416e-11,4.331229766614067e-08,True
lateral_x10_y5,constant_width,union,16,0.001034889145656776,,4.196270303135404e-05,0.04226164318919677,True
lateral_x10_y5,constant_width,union,32,0.0010112008717773357,2.3688273879440185e-05,1.8274429151913857e-05,0.018404615253869137,True
lateral_x10_y5,constant_width,union,64,0.0009951099858964316,1.6090885880904078e-05,2.1835432710097784e-06,0.0021990987219921514,True
lateral_x10_y5,constant_width,union,128,0.000993146784377283,1.9632015191485986e-06,2.2034175186117985e-07,0.00022191145527212334,True
lateral_x10_y5,constant_width,union,256,0.0009929178551260026,2.28929251280428e-07,8.587499419248149e-09,8.648676327464625e-06,True
lateral_x10_y5,constant_width,union,512,0.0009929232887811359,5.4336551332575395e-09,3.153844285990609e-09,3.176312111954084e-06,True
lateral_x10_y5,constant_width,union,1024,0.0009929268590250914,3.570243955509922e-09,4.1639966951931284e-10,4.1936607954391865e-07,True
lateral_x10_y5,constant_width,union,2048,0.0009929263996194962,4.5940559516288726e-10,4.3005925643574416e-11,4.331229766614067e-08,True
lateral_x10_y5,constant_width,maximum,16,0.001034889145656776,,4.196270303135404e-05,0.04226164318919677,True
lateral_x10_y5,constant_width,maximum,32,0.0010112008717773357,2.3688273879440185e-05,1.8274429151913857e-05,0.018404615253869137,True
lateral_x10_y5,constant_width,maximum,64,0.0009951099858964316,1.6090885880904078e-05,2.1835432710097784e-06,0.0021990987219921514,True
lateral_x10_y5,constant_width,maximum,128,0.000993146784377283,1.9632015191485986e-06,2.2034175186117985e-07,0.00022191145527212334,True
lateral_x10_y5,constant_width,maximum,256,0.0009929178551260026,2.28929251280428e-07,8.587499419248149e-09,8.648676327464625e-06,True
lateral_x10_y5,constant_width,maximum,512,0.0009929232887811359,5.4336551332575395e-09,3.153844285990609e-09,3.176312111954084e-06,True
lateral_x10_y5,constant_width,maximum,1024,0.0009929268590250914,3.570243955509922e-09,4.1639966951931284e-10,4.1936607954391865e-07,True
lateral_x10_y5,constant_width,maximum,2048,0.0009929263996194962,4.5940559516288726e-10,4.3005925643574416e-11,4.331229766614067e-08,True
lateral_x15_y0,isotropic,individual_1,16,0.24907281620533275,,3.3478989600654874e-05,0.00013439640124091013,True
lateral_x15_y0,isotropic,individual_1,32,0.24910434888523827,3.1532679905521555e-05,1.946309695133319e-06,7.813169448850225e-06,True
lateral_x15_y0,isotropic,individual_1,64,0.24910617609834226,1.8272131039887007e-06,1.1909659114461846e-07,4.780954694517923e-07,True
lateral_x15_y0,isotropic,individual_1,128,0.24910628779278762,1.1169444535941153e-07,7.402145785206926e-09,2.97148082083374e-08,True
lateral_x15_y0,isotropic,individual_1,256,0.24910629473295107,6.940163443935887e-09,4.619823412710389e-10,1.8545590785231797e-09,True
lateral_x15_y0,isotropic,individual_1,512,0.24910629516606975,4.331186798101072e-10,2.8863661460931667e-11,1.1586885605739091e-10,True
lateral_x15_y0,isotropic,individual_1,1024,0.24910629519312963,2.7059882112823175e-11,1.8037793481084918e-12,7.241002667945339e-12,True
lateral_x15_y0,isotropic,individual_1,2048,0.24910629519482066,1.6910361999578072e-12,1.1274314815068465e-13,4.525905218993347e-13,True
lateral_x15_y0,isotropic,union,16,0.24907281620533275,,3.3478989600654874e-05,0.00013439640124091013,True
lateral_x15_y0,isotropic,union,32,0.24910434888523827,3.1532679905521555e-05,1.946309695133319e-06,7.813169448850225e-06,True
lateral_x15_y0,isotropic,union,64,0.24910617609834226,1.8272131039887007e-06,1.1909659114461846e-07,4.780954694517923e-07,True
lateral_x15_y0,isotropic,union,128,0.24910628779278762,1.1169444535941153e-07,7.402145785206926e-09,2.97148082083374e-08,True
lateral_x15_y0,isotropic,union,256,0.24910629473295107,6.940163443935887e-09,4.619823412710389e-10,1.8545590785231797e-09,True
lateral_x15_y0,isotropic,union,512,0.24910629516606975,4.331186798101072e-10,2.8863661460931667e-11,1.1586885605739091e-10,True
lateral_x15_y0,isotropic,union,1024,0.24910629519312963,2.7059882112823175e-11,1.8037793481084918e-12,7.241002667945339e-12,True
lateral_x15_y0,isotropic,union,2048,0.24910629519482066,1.6910361999578072e-12,1.1274314815068465e-13,4.525905218993347e-13,True
lateral_x15_y0,isotropic,maximum,16,0.24907281620533275,,3.3478989600654874e-05,0.00013439640124091013,True
lateral_x15_y0,isotropic,maximum,32,0.24910434888523827,3.1532679905521555e-05,1.946309695133319e-06,7.813169448850225e-06,True
lateral_x15_y0,isotropic,maximum,64,0.24910617609834226,1.8272131039887007e-06,1.1909659114461846e-07,4.780954694517923e-07,True
lateral_x15_y0,isotropic,maximum,128,0.24910628779278762,1.1169444535941153e-07,7.402145785206926e-09,2.97148082083374e-08,True
lateral_x15_y0,isotropic,maximum,256,0.24910629473295107,6.940163443935887e-09,4.619823412710389e-10,1.8545590785231797e-09,True
lateral_x15_y0,isotropic,maximum,512,0.24910629516606975,4.331186798101072e-10,2.8863661460931667e-11,1.1586885605739091e-10,True
lateral_x15_y0,isotropic,maximum,1024,0.24910629519312963,2.7059882112823175e-11,1.8037793481084918e-12,7.241002667945339e-12,True
lateral_x15_y0,isotropic,maximum,2048,0.24910629519482066,1.6910361999578072e-12,1.1274314815068465e-13,4.525905218993347e-13,True
lateral_x15_y0,expanding,individual_1,16,0.22916666666666666,,0.004166666666666652,0.01851851851851845,True
lateral_x15_y0,expanding,individual_1,32,0.22639973958333334,0.002766927083333315,0.001399739583333337,0.006221064814814831,True
lateral_x15_y0,expanding,individual_1,64,0.22526041666666666,0.0011393229166666852,0.00026041666666665186,0.0011574074074073416,True
lateral_x15_y0,expanding,individual_1,128,0.22498257954915366,0.00027783711751300233,1.7420450846350466e-05,7.742422598377985e-05,True
lateral_x15_y0,expanding,individual_1,256,0.22499720255533853,1.462300618487733e-05,2.7974446614731363e-06,1.243308738432505e-05,True
lateral_x15_y0,expanding,individual_1,512,0.22500028957923254,3.08702389401061e-06,2.8957923253747353e-07,1.28701881127766e-06,True
lateral_x15_y0,expanding,individual_1,1024,0.22500004867712656,2.409021059857075e-07,4.867712655176604e-08,2.163427846745157e-07,True
lateral_x15_y0,expanding,individual_1,2048,0.22499999554323344,5.3133893118673114e-08,4.456766566907078e-09,1.98078514084759e-08,True
lateral_x15_y0,expanding,union,16,0.22916666666666666,,0.004166666666666652,0.01851851851851845,True
lateral_x15_y0,expanding,union,32,0.22639973958333334,0.002766927083333315,0.001399739583333337,0.006221064814814831,True
lateral_x15_y0,expanding,union,64,0.22526041666666666,0.0011393229166666852,0.00026041666666665186,0.0011574074074073416,True
lateral_x15_y0,expanding,union,128,0.22498257954915366,0.00027783711751300233,1.7420450846350466e-05,7.742422598377985e-05,True
lateral_x15_y0,expanding,union,256,0.22499720255533853,1.462300618487733e-05,2.7974446614731363e-06,1.243308738432505e-05,True
lateral_x15_y0,expanding,union,512,0.22500028957923254,3.08702389401061e-06,2.8957923253747353e-07,1.28701881127766e-06,True
lateral_x15_y0,expanding,union,1024,0.22500004867712656,2.409021059857075e-07,4.867712655176604e-08,2.163427846745157e-07,True
lateral_x15_y0,expanding,union,2048,0.22499999554323344,5.3133893118673114e-08,4.456766566907078e-09,1.98078514084759e-08,True
lateral_x15_y0,expanding,maximum,16,0.22916666666666666,,0.004166666666666652,0.01851851851851845,True
lateral_x15_y0,expanding,maximum,32,0.22639973958333334,0.002766927083333315,0.001399739583333337,0.006221064814814831,True
lateral_x15_y0,expanding,maximum,64,0.22526041666666666,0.0011393229166666852,0.00026041666666665186,0.0011574074074073416,True
lateral_x15_y0,expanding,maximum,128,0.22498257954915366,0.00027783711751300233,1.7420450846350466e-05,7.742422598377985e-05,True
lateral_x15_y0,expanding,maximum,256,0.22499720255533853,1.462300618487733e-05,2.7974446614731363e-06,1.243308738432505e-05,True
lateral_x15_y0,expanding,maximum,512,0.22500028957923254,3.08702389401061e-06,2.8957923253747353e-07,1.28701881127766e-06,True
lateral_x15_y0,expanding,maximum,1024,0.22500004867712656,2.409021059857075e-07,4.867712655176604e-08,2.163427846745157e-07,True
lateral_x15_y0,expanding,maximum,2048,0.22499999554323344,5.3133893118673114e-08,4.456766566907078e-09,1.98078514084759e-08,True
lateral_x15_y0,constant_width,individual_1,16,0.22916666666666666,,0.004166666666666652,0.01851851851851845,True
lateral_x15_y0,constant_width,individual_1,32,0.22639973958333334,0.002766927083333315,0.001399739583333337,0.006221064814814831,True
lateral_x15_y0,constant_width,individual_1,64,0.22526041666666666,0.0011393229166666852,0.00026041666666665186,0.0011574074074073416,True
lateral_x15_y0,constant_width,individual_1,128,0.22498257954915366,0.00027783711751300233,1.7420450846350466e-05,7.742422598377985e-05,True
lateral_x15_y0,constant_width,individual_1,256,0.22499720255533853,1.462300618487733e-05,2.7974446614731363e-06,1.243308738432505e-05,True
lateral_x15_y0,constant_width,individual_1,512,0.22500028957923254,3.08702389401061e-06,2.8957923253747353e-07,1.28701881127766e-06,True
lateral_x15_y0,constant_width,individual_1,1024,0.22500004867712656,2.409021059857075e-07,4.867712655176604e-08,2.163427846745157e-07,True
lateral_x15_y0,constant_width,individual_1,2048,0.22499999554323344,5.3133893118673114e-08,4.456766566907078e-09,1.98078514084759e-08,True
lateral_x15_y0,constant_width,union,16,0.22916666666666666,,0.004166666666666652,0.01851851851851845,True
lateral_x15_y0,constant_width,union,32,0.22639973958333334,0.002766927083333315,0.001399739583333337,0.006221064814814831,True
lateral_x15_y0,constant_width,union,64,0.22526041666666666,0.0011393229166666852,0.00026041666666665186,0.0011574074074073416,True
lateral_x15_y0,constant_width,union,128,0.22498257954915366,0.00027783711751300233,1.7420450846350466e-05,7.742422598377985e-05,True
lateral_x15_y0,constant_width,union,256,0.22499720255533853,1.462300618487733e-05,2.7974446614731363e-06,1.243308738432505e-05,True
lateral_x15_y0,constant_width,union,512,0.22500028957923254,3.08702389401061e-06,2.8957923253747353e-07,1.28701881127766e-06,True
lateral_x15_y0,constant_width,union,1024,0.22500004867712656,2.409021059857075e-07,4.867712655176604e-08,2.163427846745157e-07,True
lateral_x15_y0,constant_width,union,2048,0.22499999554323344,5.3133893118673114e-08,4.456766566907078e-09,1.98078514084759e-08,True
lateral_x15_y0,constant_width,maximum,16,0.22916666666666666,,0.004166666666666652,0.01851851851851845,True
lateral_x15_y0,constant_width,maximum,32,0.22639973958333334,0.002766927083333315,0.001399739583333337,0.006221064814814831,True
lateral_x15_y0,constant_width,maximum,64,0.22526041666666666,0.0011393229166666852,0.00026041666666665186,0.0011574074074073416,True
lateral_x15_y0,constant_width,maximum,128,0.22498257954915366,0.00027783711751300233,1.7420450846350466e-05,7.742422598377985e-05,True
lateral_x15_y0,constant_width,maximum,256,0.22499720255533853,1.462300618487733e-05,2.7974446614731363e-06,1.243308738432505e-05,True
lateral_x15_y0,constant_width,maximum,512,0.22500028957923254,3.08702389401061e-06,2.8957923253747353e-07,1.28701881127766e-06,True
lateral_x15_y0,constant_width,maximum,1024,0.22500004867712656,2.409021059857075e-07,4.867712655176604e-08,2.163427846745157e-07,True
lateral_x15_y0,constant_width,maximum,2048,0.22499999554323344,5.3133893118673114e-08,4.456766566907078e-09,1.98078514084759e-08,True
lateral_x15_y1,isotropic,individual_1,16,0.2198059888192284,,2.9545104624245644e-05,0.00013439640124093667,True
lateral_x15_y1,isotropic,individual_1,32,0.2198338163115752,2.7827492346810256e-05,1.7176122774353875e-06,7.813169448895099e-06,True
lateral_x15_y1,isotropic,individual_1,64,0.2198354288214798,1.6125099046027103e-06,1.051023728326772e-07,4.780954696299595e-07,True
lateral_x15_y1,isotropic,individual_1,128,0.2198355273914819,9.857000210500289e-08,6.532370727674319e-09,2.971480820719831e-08,True
lateral_x15_y1,isotropic,individual_1,256,0.21983553351615462,6.124672713436752e-09,4.0769801423756746e-10,1.8545592105177467e-09,True
lateral_x15_y1,isotropic,individual_1,512,0.2198355338983805,3.8222588982783634e-10,2.5472124409731123e-11,1.1586900422819835e-10,True
lateral_x15_y1,isotropic,individual_1,1024,0.21983553392226077,2.3880258881447958e-11,1.591865528283165e-12,7.241165701785776e-12,True
lateral_x15_y1,isotropic,individual_1,2048,0.21983553392375313,1.4923617897011354e-12,9.950373858202965e-14,4.5262809340229815e-13,True
lateral_x15_y1,isotropic,union,16,0.2198059888192284,,2.9545104624245644e-05,0.00013439640124093667,True
lateral_x15_y1,isotropic,union,32,0.2198338163115752,2.7827492346810256e-05,1.7176122774353875e-06,7.813169448895099e-06,True
lateral_x15_y1,isotropic,union,64,0.2198354288214798,1.6125099046027103e-06,1.051023728326772e-07,4.780954696299595e-07,True
lateral_x15_y1,isotropic,union,128,0.2198355273914819,9.857000210500289e-08,6.532370727674319e-09,2.971480820719831e-08,True
lateral_x15_y1,isotropic,union,256,0.21983553351615462,6.124672713436752e-09,4.0769801423756746e-10,1.8545592105177467e-09,True
lateral_x15_y1,isotropic,union,512,0.2198355338983805,3.8222588982783634e-10,2.5472124409731123e-11,1.1586900422819835e-10,True
lateral_x15_y1,isotropic,union,1024,0.21983553392226077,2.3880258881447958e-11,1.591865528283165e-12,7.241165701785776e-12,True
lateral_x15_y1,isotropic,union,2048,0.21983553392375313,1.4923617897011354e-12,9.950373858202965e-14,4.5262809340229815e-13,True
lateral_x15_y1,isotropic,maximum,16,0.2198059888192284,,2.9545104624245644e-05,0.00013439640124093667,True
lateral_x15_y1,isotropic,maximum,32,0.2198338163115752,2.7827492346810256e-05,1.7176122774353875e-06,7.813169448895099e-06,True
lateral_x15_y1,isotropic,maximum,64,0.2198354288214798,1.6125099046027103e-06,1.051023728326772e-07,4.780954696299595e-07,True
lateral_x15_y1,isotropic,maximum,128,0.2198355273914819,9.857000210500289e-08,6.532370727674319e-09,2.971480820719831e-08,True
lateral_x15_y1,isotropic,maximum,256,0.21983553351615462,6.124672713436752e-09,4.0769801423756746e-10,1.8545592105177467e-09,True
lateral_x15_y1,isotropic,maximum,512,0.2198355338983805,3.8222588982783634e-10,2.5472124409731123e-11,1.1586900422819835e-10,True
lateral_x15_y1,isotropic,maximum,1024,0.21983553392226077,2.3880258881447958e-11,1.591865528283165e-12,7.241165701785776e-12,True
lateral_x15_y1,isotropic,maximum,2048,0.21983553392375313,1.4923617897011354e-12,9.950373858202965e-14,4.5262809340229815e-13,True
lateral_x15_y1,expanding,individual_1,16,0.20435949518105087,,0.006704577154759667,0.03392061893379174,True
lateral_x15_y1,expanding,individual_1,32,0.19825871141618237,0.0061007837648685,0.0006037933898911663,0.00305478556223353,True
lateral_x15_y1,expanding,individual_1,64,0.19782521637763653,0.00043349503854583915,0.00017029835134532711,0.0008615943030705402,True
lateral_x15_y1,expanding,individual_1,128,0.1976214190250857,0.00020379735255082743,3.349900120550031e-05,0.00016948225493202462,True
lateral_x15_y1,expanding,individual_1,256,0.19765391827717316,3.249925208745341e-05,9.997491180468998e-07,5.058053338768517e-06,True
lateral_x15_y1,expanding,individual_1,512,0.1976554722575006,1.553980327445581e-06,5.542312093986812e-07,2.804034500800834e-06,True
lateral_x15_y1,expanding,individual_1,1024,0.19765491739449859,5.548630020169032e-07,6.317926182219935e-10,3.196442691792547e-09,True
lateral_x15_y1,expanding,individual_1,2048,0.19765491871344976,1.3189511705036239e-09,6.871585522816304e-10,3.476556814995251e-09,True
lateral_x15_y1,expanding,union,16,0.20435949518105087,,0.006704577154759667,0.03392061893379174,True
lateral_x15_y1,expanding,union,32,0.19825871141618237,0.0061007837648685,0.0006037933898911663,0.00305478556223353,True
lateral_x15_y1,expanding,union,64,0.19782521637763653,0.00043349503854583915,0.00017029835134532711,0.0008615943030705402,True
lateral_x15_y1,expanding,union,128,0.1976214190250857,0.00020379735255082743,3.349900120550031e-05,0.00016948225493202462,True
lateral_x15_y1,expanding,union,256,0.19765391827717316,3.249925208745341e-05,9.997491180468998e-07,5.058053338768517e-06,True
lateral_x15_y1,expanding,union,512,0.1976554722575006,1.553980327445581e-06,5.542312093986812e-07,2.804034500800834e-06,True
lateral_x15_y1,expanding,union,1024,0.19765491739449859,5.548630020169032e-07,6.317926182219935e-10,3.196442691792547e-09,True
lateral_x15_y1,expanding,union,2048,0.19765491871344976,1.3189511705036239e-09,6.871585522816304e-10,3.476556814995251e-09,True
lateral_x15_y1,expanding,maximum,16,0.20435949518105087,,0.006704577154759667,0.03392061893379174,True
lateral_x15_y1,expanding,maximum,32,0.19825871141618237,0.0061007837648685,0.0006037933898911663,0.00305478556223353,True
lateral_x15_y1,expanding,maximum,64,0.19782521637763653,0.00043349503854583915,0.00017029835134532711,0.0008615943030705402,True
lateral_x15_y1,expanding,maximum,128,0.1976214190250857,0.00020379735255082743,3.349900120550031e-05,0.00016948225493202462,True
lateral_x15_y1,expanding,maximum,256,0.19765391827717316,3.249925208745341e-05,9.997491180468998e-07,5.058053338768517e-06,True
lateral_x15_y1,expanding,maximum,512,0.1976554722575006,1.553980327445581e-06,5.542312093986812e-07,2.804034500800834e-06,True
lateral_x15_y1,expanding,maximum,1024,0.19765491739449859,5.548630020169032e-07,6.317926182219935e-10,3.196442691792547e-09,True
lateral_x15_y1,expanding,maximum,2048,0.19765491871344976,1.3189511705036239e-09,6.871585522816304e-10,3.476556814995251e-09,True
lateral_x15_y1,constant_width,individual_1,16,0.19248950353784425,,0.006533295885043727,0.03513351862521345,True
lateral_x15_y1,constant_width,individual_1,32,0.18658969491710278,0.005899808620741465,0.0006334872643022627,0.00340664757739655,True
lateral_x15_y1,constant_width,individual_1,64,0.18612348865326891,0.0004662062638338682,0.00016728100046839445,0.00089957201526031,True
lateral_x15_y1,constant_width,individual_1,128,0.18592304058537382,0.00020044806789509817,3.316706742670372e-05,0.0001783595602714703,True
lateral_x15_y1,constant_width,individual_1,256,0.18595517643515413,3.213584978031814e-05,1.0312176463855849e-06,5.545486539018772e-06,True
lateral_x15_y1,constant_width,individual_1,512,0.1859567534324622,1.5769973080725919e-06,5.45779661687007e-07,2.93499027849629e-06,True
lateral_x15_y1,constant_width,individual_1,1024,0.18595620804276158,5.453897006235664e-07,3.8996106344058035e-10,2.097058594401312e-09,True
lateral_x15_y1,constant_width,individual_1,2048,0.18595620821688116,1.7411957986546156e-10,5.640806433060419e-10,3.0334058240165816e-09,True
lateral_x15_y1,constant_width,union,16,0.19248950353784425,,0.006533295885043727,0.03513351862521345,True
lateral_x15_y1,constant_width,union,32,0.18658969491710278,0.005899808620741465,0.0006334872643022627,0.00340664757739655,True
lateral_x15_y1,constant_width,union,64,0.18612348865326891,0.0004662062638338682,0.00016728100046839445,0.00089957201526031,True
lateral_x15_y1,constant_width,union,128,0.18592304058537382,0.00020044806789509817,3.316706742670372e-05,0.0001783595602714703,True
lateral_x15_y1,constant_width,union,256,0.18595517643515413,3.213584978031814e-05,1.0312176463855849e-06,5.545486539018772e-06,True
lateral_x15_y1,constant_width,union,512,0.1859567534324622,1.5769973080725919e-06,5.45779661687007e-07,2.93499027849629e-06,True
lateral_x15_y1,constant_width,union,1024,0.18595620804276158,5.453897006235664e-07,3.8996106344058035e-10,2.097058594401312e-09,True
lateral_x15_y1,constant_width,union,2048,0.18595620821688116,1.7411957986546156e-10,5.640806433060419e-10,3.0334058240165816e-09,True
lateral_x15_y1,constant_width,maximum,16,0.19248950353784425,,0.006533295885043727,0.03513351862521345,True
lateral_x15_y1,constant_width,maximum,32,0.18658969491710278,0.005899808620741465,0.0006334872643022627,0.00340664757739655,True
lateral_x15_y1,constant_width,maximum,64,0.18612348865326891,0.0004662062638338682,0.00016728100046839445,0.00089957201526031,True
lateral_x15_y1,constant_width,maximum,128,0.18592304058537382,0.00020044806789509817,3.316706742670372e-05,0.0001783595602714703,True
lateral_x15_y1,constant_width,maximum,256,0.18595517643515413,3.213584978031814e-05,1.0312176463855849e-06,5.545486539018772e-06,True
lateral_x15_y1,constant_width,maximum,512,0.1859567534324622,1.5769973080725919e-06,5.45779661687007e-07,2.93499027849629e-06,True
lateral_x15_y1,constant_width,maximum,1024,0.18595620804276158,5.453897006235664e-07,3.8996106344058035e-10,2.097058594401312e-09,True
lateral_x15_y1,constant_width,maximum,2048,0.18595620821688116,1.7411957986546156e-10,5.640806433060419e-10,3.0334058240165816e-09,True
lateral_x15_y2,isotropic,individual_1,16,0.151070299529504,,2.0306033648997968e-05,0.00013439640124091257,True
lateral_x15_y2,isotropic,individual_1,32,0.1510894250666496,1.912553714561449e-05,1.1804965033834769e-06,7.813169448778547e-06,True
lateral_x15_y2,isotropic,individual_1,64,0.15109053332741898,1.1082607693779778e-06,7.22357340054991e-08,4.780954695115438e-07,True
lateral_x15_y2,isotropic,individual_1,128,0.1510906010735246,6.774610561421923e-08,4.489628391279865e-09,2.9714808373067817e-08,True
lateral_x15_y2,isotropic,individual_1,256,0.15109060528294652,4.209421922141132e-09,2.8020646913873293e-10,1.8545591772190758e-09,True
lateral_x15_y2,isotropic,individual_1,512,0.15109060554564627,2.6269975084147745e-10,1.7506718297255475e-11,1.1586900609739102e-10,True
lateral_x15_y2,isotropic,individual_1,1024,0.15109060556205892,1.6412649017638614e-11,1.0940692796168605e-12,7.241146963035769e-12,True
lateral_x15_y2,isotropic,individual_1,2048,0.1510906055630846,1.0256795412999509e-12,6.838973831690964e-14,4.526405732639945e-13,True
lateral_x15_y2,isotropic,union,16,0.151070299529504,,2.0306033648997968e-05,0.00013439640124091257,True
lateral_x15_y2,isotropic,union,32,0.1510894250666496,1.912553714561449e-05,1.1804965033834769e-06,7.813169448778547e-06,True
lateral_x15_y2,isotropic,union,64,0.15109053332741898,1.1082607693779778e-06,7.22357340054991e-08,4.780954695115438e-07,True
lateral_x15_y2,isotropic,union,128,0.1510906010735246,6.774610561421923e-08,4.489628391279865e-09,2.9714808373067817e-08,True
lateral_x15_y2,isotropic,union,256,0.15109060528294652,4.209421922141132e-09,2.8020646913873293e-10,1.8545591772190758e-09,True
lateral_x15_y2,isotropic,union,512,0.15109060554564627,2.6269975084147745e-10,1.7506718297255475e-11,1.1586900609739102e-10,True
lateral_x15_y2,isotropic,union,1024,0.15109060556205892,1.6412649017638614e-11,1.0940692796168605e-12,7.241146963035769e-12,True
lateral_x15_y2,isotropic,union,2048,0.1510906055630846,1.0256795412999509e-12,6.838973831690964e-14,4.526405732639945e-13,True
lateral_x15_y2,isotropic,maximum,16,0.151070299529504,,2.0306033648997968e-05,0.00013439640124091257,True
lateral_x15_y2,isotropic,maximum,32,0.1510894250666496,1.912553714561449e-05,1.1804965033834769e-06,7.813169448778547e-06,True
lateral_x15_y2,isotropic,maximum,64,0.15109053332741898,1.1082607693779778e-06,7.22357340054991e-08,4.780954695115438e-07,True
lateral_x15_y2,isotropic,maximum,128,0.1510906010735246,6.774610561421923e-08,4.489628391279865e-09,2.9714808373067817e-08,True
lateral_x15_y2,isotropic,maximum,256,0.15109060528294652,4.209421922141132e-09,2.8020646913873293e-10,1.8545591772190758e-09,True
lateral_x15_y2,isotropic,maximum,512,0.15109060554564627,2.6269975084147745e-10,1.7506718297255475e-11,1.1586900609739102e-10,True
lateral_x15_y2,isotropic,maximum,1024,0.15109060556205892,1.6412649017638614e-11,1.0940692796168605e-12,7.241146963035769e-12,True
lateral_x15_y2,isotropic,maximum,2048,0.1510906055630846,1.0256795412999509e-12,6.838973831690964e-14,4.526405732639945e-13,True
lateral_x15_y2,expanding,individual_1,16,0.1436346230399799,,0.010706993889910033,0.08054754273712558,True
lateral_x15_y2,expanding,individual_1,32,0.13198039197798797,0.011654231061991926,0.000947237172081894,0.007125961533644009,True
lateral_x15_y2,expanding,individual_1,64,0.1327839642263409,0.000803572248352924,0.00014366492372897,0.0010807754915028098,True
lateral_x15_y2,expanding,individual_1,128,0.13293164973332036,0.00014768550697946692,4.020583250496923e-06,3.024640758436945e-05,True
lateral_x15_y2,expanding,individual_1,256,0.1329285349893981,3.114743922255636e-06,9.058393282412869e-07,6.814530087034286e-06,True
lateral_x15_y2,expanding,individual_1,512,0.13292715176046763,1.3832289304793743e-06,4.773896022380875e-07,3.5913497087887886e-06,True
lateral_x15_y2,expanding,individual_1,1024,0.1329276799004085,5.281399408640919e-07,5.075033862600442e-08,3.8178924088617696e-07,True
lateral_x15_y2,expanding,individual_1,2048,0.13292762911694314,5.0783465349590884e-08,3.312672358646296e-11,2.492087145334116e-10,True
lateral_x15_y2,expanding,union,16,0.1436346230399799,,0.010706993889910033,0.08054754273712558,True
lateral_x15_y2,expanding,union,32,0.13198039197798797,0.011654231061991926,0.000947237172081894,0.007125961533644009,True
lateral_x15_y2,expanding,union,64,0.1327839642263409,0.000803572248352924,0.00014366492372897,0.0010807754915028098,True
lateral_x15_y2,expanding,union,128,0.13293164973332036,0.00014768550697946692,4.020583250496923e-06,3.024640758436945e-05,True
lateral_x15_y2,expanding,union,256,0.1329285349893981,3.114743922255636e-06,9.058393282412869e-07,6.814530087034286e-06,True
lateral_x15_y2,expanding,union,512,0.13292715176046763,1.3832289304793743e-06,4.773896022380875e-07,3.5913497087887886e-06,True
lateral_x15_y2,expanding,union,1024,0.1329276799004085,5.281399408640919e-07,5.075033862600442e-08,3.8178924088617696e-07,True
lateral_x15_y2,expanding,union,2048,0.13292762911694314,5.0783465349590884e-08,3.312672358646296e-11,2.492087145334116e-10,True
lateral_x15_y2,expanding,maximum,16,0.1436346230399799,,0.010706993889910033,0.08054754273712558,True
lateral_x15_y2,expanding,maximum,32,0.13198039197798797,0.011654231061991926,0.000947237172081894,0.007125961533644009,True
lateral_x15_y2,expanding,maximum,64,0.1327839642263409,0.000803572248352924,0.00014366492372897,0.0010807754915028098,True
lateral_x15_y2,expanding,maximum,128,0.13293164973332036,0.00014768550697946692,4.020583250496923e-06,3.024640758436945e-05,True
lateral_x15_y2,expanding,maximum,256,0.1329285349893981,3.114743922255636e-06,9.058393282412869e-07,6.814530087034286e-06,True
lateral_x15_y2,expanding,maximum,512,0.13292715176046763,1.3832289304793743e-06,4.773896022380875e-07,3.5913497087887886e-06,True
lateral_x15_y2,expanding,maximum,1024,0.1329276799004085,5.281399408640919e-07,5.075033862600442e-08,3.8178924088617696e-07,True
lateral_x15_y2,expanding,maximum,2048,0.13292762911694314,5.0783465349590884e-08,3.312672358646296e-11,2.492087145334116e-10,True
lateral_x15_y2,constant_width,individual_1,16,0.11545630075436736,,0.010107764962443436,0.09594594634335965,True
lateral_x15_y2,constant_width,individual_1,32,0.10450845860701369,0.01094784214735367,0.0008400771849102345,0.007974265409530593,True
lateral_x15_y2,constant_width,individual_1,64,0.10520656842750531,0.0006981098204916214,0.00014196736441861313,0.0013475969395437618,True
lateral_x15_y2,constant_width,individual_1,128,0.10535311682940597,0.00014654840190066187,4.581037482048744e-06,4.348458616545793e-05,True
lateral_x15_y2,constant_width,individual_1,256,0.10534953935642598,3.5774729799931126e-06,1.0035645020556316e-06,9.526136215483742e-06,True
lateral_x15_y2,constant_width,individual_1,512,0.10534808014237908,1.4592140469005255e-06,4.5564954484489384e-07,4.325162579808957e-06,True
lateral_x15_y2,constant_width,individual_1,1024,0.1053485836847971,5.035424180260817e-07,4.7892873181187845e-08,4.5461356269613516e-07,True
lateral_x15_y2,constant_width,individual_1,2048,0.1053485361074352,4.757736189742179e-08,3.1551128376605675e-10,2.9949280395242476e-09,True
lateral_x15_y2,constant_width,union,16,0.11545630075436736,,0.010107764962443436,0.09594594634335965,True
lateral_x15_y2,constant_width,union,32,0.10450845860701369,0.01094784214735367,0.0008400771849102345,0.007974265409530593,True
lateral_x15_y2,constant_width,union,64,0.10520656842750531,0.0006981098204916214,0.00014196736441861313,0.0013475969395437618,True
lateral_x15_y2,constant_width,union,128,0.10535311682940597,0.00014654840190066187,4.581037482048744e-06,4.348458616545793e-05,True
lateral_x15_y2,constant_width,union,256,0.10534953935642598,3.5774729799931126e-06,1.0035645020556316e-06,9.526136215483742e-06,True
lateral_x15_y2,constant_width,union,512,0.10534808014237908,1.4592140469005255e-06,4.5564954484489384e-07,4.325162579808957e-06,True
lateral_x15_y2,constant_width,union,1024,0.1053485836847971,5.035424180260817e-07,4.7892873181187845e-08,4.5461356269613516e-07,True
lateral_x15_y2,constant_width,union,2048,0.1053485361074352,4.757736189742179e-08,3.1551128376605675e-10,2.9949280395242476e-09,True
lateral_x15_y2,constant_width,maximum,16,0.11545630075436736,,0.010107764962443436,0.09594594634335965,True
lateral_x15_y2,constant_width,maximum,32,0.10450845860701369,0.01094784214735367,0.0008400771849102345,0.007974265409530593,True
lateral_x15_y2,constant_width,maximum,64,0.10520656842750531,0.0006981098204916214,0.00014196736441861313,0.0013475969395437618,True
lateral_x15_y2,constant_width,maximum,128,0.10535311682940597,0.00014654840190066187,4.581037482048744e-06,4.348458616545793e-05,True
lateral_x15_y2,constant_width,maximum,256,0.10534953935642598,3.5774729799931126e-06,1.0035645020556316e-06,9.526136215483742e-06,True
lateral_x15_y2,constant_width,maximum,512,0.10534808014237908,1.4592140469005255e-06,4.5564954484489384e-07,4.325162579808957e-06,True
lateral_x15_y2,constant_width,maximum,1024,0.1053485836847971,5.035424180260817e-07,4.7892873181187845e-08,4.5461356269613516e-07,True
lateral_x15_y2,constant_width,maximum,2048,0.1053485361074352,4.757736189742179e-08,3.1551128376605675e-10,2.9949280395242476e-09,True
lateral_x15_y5,isotropic,individual_1,16,0.010943495793008857,,1.470964143865383e-06,0.00013439640124115343,True
lateral_x15_y5,isotropic,individual_1,32,0.010944881242272839,1.3854492639815003e-06,8.551487988388284e-08,7.813169448687217e-06,True
lateral_x15_y5,isotropic,individual_1,64,0.010944961524413701,8.028214086228114e-08,5.232739021601707e-09,4.7809546960771e-07,True
lateral_x15_y5,isotropic,individual_1,128,0.010944966431925135,4.9075114336855075e-09,3.252275879161992e-10,2.9714808197444495e-08,True
lateral_x15_y5,isotropic,individual_1,256,0.010944966736854635,3.049295000528973e-10,2.0298087863301895e-11,1.854559115041327e-09,True
lateral_x15_y5,isotropic,individual_1,512,0.010944966755884543,1.9029907857848194e-11,1.2681800054537007e-12,1.1586878549676027e-10,True
lateral_x15_y5,isotropic,individual_1,1024,0.010944966757073469,1.1889256940067483e-12,7.925431144695239e-14,7.2411651131930884e-12,True
lateral_x15_y5,isotropic,individual_1,2048,0.01094496675714777,7.43016759230386e-14,4.952635523913784e-15,4.525034779733024e-13,True
lateral_x15_y5,isotropic,union,16,0.010943495793008857,,1.470964143865383e-06,0.00013439640124115343,True
lateral_x15_y5,isotropic,union,32,0.010944881242272839,1.3854492639815003e-06,8.551487988388284e-08,7.813169448687217e-06,True
lateral_x15_y5,isotropic,union,64,0.010944961524413701,8.028214086228114e-08,5.232739021601707e-09,4.7809546960771e-07,True
lateral_x15_y5,isotropic,union,128,0.010944966431925135,4.9075114336855075e-09,3.252275879161992e-10,2.9714808197444495e-08,True
lateral_x15_y5,isotropic,union,256,0.010944966736854635,3.049295000528973e-10,2.0298087863301895e-11,1.854559115041327e-09,True
lateral_x15_y5,isotropic,union,512,0.010944966755884543,1.9029907857848194e-11,1.2681800054537007e-12,1.1586878549676027e-10,True
lateral_x15_y5,isotropic,union,1024,0.010944966757073469,1.1889256940067483e-12,7.925431144695239e-14,7.2411651131930884e-12,True
lateral_x15_y5,isotropic,union,2048,0.01094496675714777,7.43016759230386e-14,4.952635523913784e-15,4.525034779733024e-13,True
lateral_x15_y5,isotropic,maximum,16,0.010943495793008857,,1.470964143865383e-06,0.00013439640124115343,True
lateral_x15_y5,isotropic,maximum,32,0.010944881242272839,1.3854492639815003e-06,8.551487988388284e-08,7.813169448687217e-06,True
lateral_x15_y5,isotropic,maximum,64,0.010944961524413701,8.028214086228114e-08,5.232739021601707e-09,4.7809546960771e-07,True
lateral_x15_y5,isotropic,maximum,128,0.010944966431925135,4.9075114336855075e-09,3.252275879161992e-10,2.9714808197444495e-08,True
lateral_x15_y5,isotropic,maximum,256,0.010944966736854635,3.049295000528973e-10,2.0298087863301895e-11,1.854559115041327e-09,True
lateral_x15_y5,isotropic,maximum,512,0.010944966755884543,1.9029907857848194e-11,1.2681800054537007e-12,1.1586878549676027e-10,True
lateral_x15_y5,isotropic,maximum,1024,0.010944966757073469,1.1889256940067483e-12,7.925431144695239e-14,7.2411651131930884e-12,True
lateral_x15_y5,isotropic,maximum,2048,0.01094496675714777,7.43016759230386e-14,4.952635523913784e-15,4.525034779733024e-13,True
lateral_x15_y5,expanding,individual_1,16,0.005722483702741852,,4.6932631521657414e-05,0.008269264241078761,True
lateral_x15_y5,expanding,individual_1,32,0.005574589911946926,0.0001478937907949257,0.00010096115927326829,0.01778878526619663,True
lateral_x15_y5,expanding,individual_1,64,0.005675166709337035,0.0001005767973901086,3.843618831596979e-07,6.772239000874031e-05,True
lateral_x15_y5,expanding,individual_1,128,0.005675636292553041,4.6958321600620856e-07,8.522133284651068e-08,1.5015516868248147e-05,True
lateral_x15_y5,expanding,individual_1,256,0.005675561405003204,7.488754983752538e-08,1.0333783008985298e-08,1.8207541222536517e-06,True
lateral_x15_y5,expanding,individual_1,512,0.005675546169237052,1.5235766151304453e-08,4.901983142319155e-09,8.63701705932367e-07,True
lateral_x15_y5,expanding,individual_1,1024,0.005675554413122827,8.243885774548987e-09,3.3419026322298317e-09,5.888243432740975e-07,True
lateral_x15_y5,expanding,individual_1,2048,0.005675550658126312,3.754996515115128e-09,4.130938828852959e-10,7.278480586317485e-08,True
lateral_x15_y5,expanding,union,16,0.005722483702741852,,4.6932631521657414e-05,0.008269264241078761,True
lateral_x15_y5,expanding,union,32,0.005574589911946926,0.0001478937907949257,0.00010096115927326829,0.01778878526619663,True
lateral_x15_y5,expanding,union,64,0.005675166709337035,0.0001005767973901086,3.843618831596979e-07,6.772239000874031e-05,True
lateral_x15_y5,expanding,union,128,0.005675636292553041,4.6958321600620856e-07,8.522133284651068e-08,1.5015516868248147e-05,True
lateral_x15_y5,expanding,union,256,0.005675561405003204,7.488754983752538e-08,1.0333783008985298e-08,1.8207541222536517e-06,True
lateral_x15_y5,expanding,union,512,0.005675546169237052,1.5235766151304453e-08,4.901983142319155e-09,8.63701705932367e-07,True
lateral_x15_y5,expanding,union,1024,0.005675554413122827,8.243885774548987e-09,3.3419026322298317e-09,5.888243432740975e-07,True
lateral_x15_y5,expanding,union,2048,0.005675550658126312,3.754996515115128e-09,4.130938828852959e-10,7.278480586317485e-08,True
lateral_x15_y5,expanding,maximum,16,0.005722483702741852,,4.6932631521657414e-05,0.008269264241078761,True
lateral_x15_y5,expanding,maximum,32,0.005574589911946926,0.0001478937907949257,0.00010096115927326829,0.01778878526619663,True
lateral_x15_y5,expanding,maximum,64,0.005675166709337035,0.0001005767973901086,3.843618831596979e-07,6.772239000874031e-05,True
lateral_x15_y5,expanding,maximum,128,0.005675636292553041,4.6958321600620856e-07,8.522133284651068e-08,1.5015516868248147e-05,True
lateral_x15_y5,expanding,maximum,256,0.005675561405003204,7.488754983752538e-08,1.0333783008985298e-08,1.8207541222536517e-06,True
lateral_x15_y5,expanding,maximum,512,0.005675546169237052,1.5235766151304453e-08,4.901983142319155e-09,8.63701705932367e-07,True
lateral_x15_y5,expanding,maximum,1024,0.005675554413122827,8.243885774548987e-09,3.3419026322298317e-09,5.888243432740975e-07,True
lateral_x15_y5,expanding,maximum,2048,0.005675550658126312,3.754996515115128e-09,4.130938828852959e-10,7.278480586317485e-08,True
lateral_x15_y5,constant_width,individual_1,16,0.001972761135553536,,2.025284415826294e-05,0.010161917760953999,True
lateral_x15_y5,constant_width,individual_1,32,0.0019177760689512025,5.498506660233326e-05,7.52379107605962e-05,0.037750819375324214,True
lateral_x15_y5,constant_width,individual_1,64,0.0019945149726439083,7.673890369270576e-05,1.5009929321095627e-06,0.0007531271468184156,True
lateral_x15_y5,constant_width,individual_1,128,0.0019926748827676895,1.840089876218795e-06,3.390969441092323e-07,0.0001701427825199037,True
lateral_x15_y5,constant_width,individual_1,256,0.001993060186615917,3.8530384822727665e-07,4.6206904118044345e-08,2.3184435527504994e-05,True
lateral_x15_y5,constant_width,individual_1,512,0.001993005648887085,5.4537728831714066e-08,8.330824713669721e-09,4.180013185293565e-06,True
lateral_x15_y5,constant_width,individual_1,1024,0.001993016486932706,1.083804562112059e-08,2.507220907450869e-09,1.258004676822903e-06,True
lateral_x15_y5,constant_width,individual_1,2048,0.0019930136666800537,2.8202526525071547e-09,3.1303174505628584e-10,1.5706450042139293e-07,True
lateral_x15_y5,constant_width,union,16,0.001972761135553536,,2.025284415826294e-05,0.010161917760953999,True
lateral_x15_y5,constant_width,union,32,0.0019177760689512025,5.498506660233326e-05,7.52379107605962e-05,0.037750819375324214,True
lateral_x15_y5,constant_width,union,64,0.0019945149726439083,7.673890369270576e-05,1.5009929321095627e-06,0.0007531271468184156,True
lateral_x15_y5,constant_width,union,128,0.0019926748827676895,1.840089876218795e-06,3.390969441092323e-07,0.0001701427825199037,True
lateral_x15_y5,constant_width,union,256,0.001993060186615917,3.8530384822727665e-07,4.6206904118044345e-08,2.3184435527504994e-05,True
lateral_x15_y5,constant_width,union,512,0.001993005648887085,5.4537728831714066e-08,8.330824713669721e-09,4.180013185293565e-06,True
lateral_x15_y5,constant_width,union,1024,0.001993016486932706,1.083804562112059e-08,2.507220907450869e-09,1.258004676822903e-06,True
lateral_x15_y5,constant_width,union,2048,0.0019930136666800533,2.8202526529408356e-09,3.130317454899667e-10,1.5706450063899345e-07,True
lateral_x15_y5,constant_width,maximum,16,0.001972761135553536,,2.025284415826294e-05,0.010161917760953999,True
lateral_x15_y5,constant_width,maximum,32,0.0019177760689512025,5.498506660233326e-05,7.52379107605962e-05,0.037750819375324214,True
lateral_x15_y5,constant_width,maximum,64,0.0019945149726439083,7.673890369270576e-05,1.5009929321095627e-06,0.0007531271468184156,True
lateral_x15_y5,constant_width,maximum,128,0.0019926748827676895,1.840089876218795e-06,3.390969441092323e-07,0.0001701427825199037,True
lateral_x15_y5,constant_width,maximum,256,0.001993060186615917,3.8530384822727665e-07,4.6206904118044345e-08,2.3184435527504994e-05,True
lateral_x15_y5,constant_width,maximum,512,0.001993005648887085,5.4537728831714066e-08,8.330824713669721e-09,4.180013185293565e-06,True
lateral_x15_y5,constant_width,maximum,1024,0.001993016486932706,1.083804562112059e-08,2.507220907450869e-09,1.258004676822903e-06,True
lateral_x15_y5,constant_width,maximum,2048,0.0019930136666800537,2.8202526525071547e-09,3.1303174505628584e-10,1.5706450042139293e-07,True
depth_x4_y0,isotropic,individual_1,16,0.3789107245973311,,1.0732396837909164e-06,2.8324261475029595e-06,True
depth_x4_y0,isotropic,individual_1,32,0.3789117311461126,1.006548781490313e-06,6.669090230060348e-08,1.760064022321361e-07,True
depth_x4_y0,isotropic,individual_1,64,0.3789117936748268,6.252871420642236e-08,4.1621880941811185e-09,1.0984583003064587e-08,True
depth_x4_y0,isotropic,individual_1,128,0.37891179757697163,3.902144829481813e-09,2.600432646993056e-10,6.862897016765907e-10,True
depth_x4_y0,isotropic,individual_1,256,0.3789117978207637,2.437920421094475e-10,1.6251222589858116e-11,4.2889196595690106e-11,True
depth_x4_y0,isotropic,individual_1,512,0.37891179783599926,1.5235590566931023e-11,1.0156320229270932e-12,2.680391660340851e-12,True
depth_x4_y0,isotropic,individual_1,1024,0.37891179783695145,9.521827770697655e-13,6.34492458573277e-14,1.6745122801539093e-13,True
depth_x4_y0,isotropic,individual_1,2048,0.37891179783701096,5.950795411990839e-14,3.941291737419306e-15,1.040160733953872e-14,True
depth_x4_y0,isotropic,union,16,0.3789107245973311,,1.0732396837909164e-06,2.8324261475029595e-06,True
depth_x4_y0,isotropic,union,32,0.3789117311461126,1.006548781490313e-06,6.669090230060348e-08,1.760064022321361e-07,True
depth_x4_y0,isotropic,union,64,0.3789117936748268,6.252871420642236e-08,4.1621880941811185e-09,1.0984583003064587e-08,True
depth_x4_y0,isotropic,union,128,0.37891179757697163,3.902144829481813e-09,2.600432646993056e-10,6.862897016765907e-10,True
depth_x4_y0,isotropic,union,256,0.3789117978207637,2.437920421094475e-10,1.6251222589858116e-11,4.2889196595690106e-11,True
depth_x4_y0,isotropic,union,512,0.37891179783599926,1.5235590566931023e-11,1.0156320229270932e-12,2.680391660340851e-12,True
depth_x4_y0,isotropic,union,1024,0.37891179783695145,9.521827770697655e-13,6.34492458573277e-14,1.6745122801539093e-13,True
depth_x4_y0,isotropic,union,2048,0.37891179783701096,5.950795411990839e-14,3.941291737419306e-15,1.040160733953872e-14,True
depth_x4_y0,isotropic,maximum,16,0.3789107245973311,,1.0732396837909164e-06,2.8324261475029595e-06,True
depth_x4_y0,isotropic,maximum,32,0.3789117311461126,1.006548781490313e-06,6.669090230060348e-08,1.760064022321361e-07,True
depth_x4_y0,isotropic,maximum,64,0.3789117936748268,6.252871420642236e-08,4.1621880941811185e-09,1.0984583003064587e-08,True
depth_x4_y0,isotropic,maximum,128,0.37891179757697163,3.902144829481813e-09,2.600432646993056e-10,6.862897016765907e-10,True
depth_x4_y0,isotropic,maximum,256,0.3789117978207637,2.437920421094475e-10,1.6251222589858116e-11,4.2889196595690106e-11,True
depth_x4_y0,isotropic,maximum,512,0.37891179783599926,1.5235590566931023e-11,1.0156320229270932e-12,2.680391660340851e-12,True
depth_x4_y0,isotropic,maximum,1024,0.37891179783695145,9.521827770697655e-13,6.34492458573277e-14,1.6745122801539093e-13,True
depth_x4_y0,isotropic,maximum,2048,0.37891179783701096,5.950795411990839e-14,3.941291737419306e-15,1.040160733953872e-14,True
depth_x4_y0,expanding,individual_1,16,0.0,,0.0,,True
depth_x4_y0,expanding,individual_1,32,0.0,0.0,0.0,,True
depth_x4_y0,expanding,individual_1,64,0.0,0.0,0.0,,True
depth_x4_y0,expanding,individual_1,128,0.0,0.0,0.0,,True
depth_x4_y0,expanding,individual_1,256,0.0,0.0,0.0,,True
depth_x4_y0,expanding,individual_1,512,0.0,0.0,0.0,,True
depth_x4_y0,expanding,individual_1,1024,0.0,0.0,0.0,,True
depth_x4_y0,expanding,individual_1,2048,0.0,0.0,0.0,,True
depth_x4_y0,expanding,union,16,0.0,,0.0,,True
depth_x4_y0,expanding,union,32,0.0,0.0,0.0,,True
depth_x4_y0,expanding,union,64,0.0,0.0,0.0,,True
depth_x4_y0,expanding,union,128,0.0,0.0,0.0,,True
depth_x4_y0,expanding,union,256,0.0,0.0,0.0,,True
depth_x4_y0,expanding,union,512,0.0,0.0,0.0,,True
depth_x4_y0,expanding,union,1024,0.0,0.0,0.0,,True
depth_x4_y0,expanding,union,2048,0.0,0.0,0.0,,True
depth_x4_y0,expanding,maximum,16,0.0,,0.0,,True
depth_x4_y0,expanding,maximum,32,0.0,0.0,0.0,,True
depth_x4_y0,expanding,maximum,64,0.0,0.0,0.0,,True
depth_x4_y0,expanding,maximum,128,0.0,0.0,0.0,,True
depth_x4_y0,expanding,maximum,256,0.0,0.0,0.0,,True
depth_x4_y0,expanding,maximum,512,0.0,0.0,0.0,,True
depth_x4_y0,expanding,maximum,1024,0.0,0.0,0.0,,True
depth_x4_y0,expanding,maximum,2048,0.0,0.0,0.0,,True
depth_x4_y0,constant_width,individual_1,16,0.0,,0.0,,True
depth_x4_y0,constant_width,individual_1,32,0.0,0.0,0.0,,True
depth_x4_y0,constant_width,individual_1,64,0.0,0.0,0.0,,True
depth_x4_y0,constant_width,individual_1,128,0.0,0.0,0.0,,True
depth_x4_y0,constant_width,individual_1,256,0.0,0.0,0.0,,True
depth_x4_y0,constant_width,individual_1,512,0.0,0.0,0.0,,True
depth_x4_y0,constant_width,individual_1,1024,0.0,0.0,0.0,,True
depth_x4_y0,constant_width,individual_1,2048,0.0,0.0,0.0,,True
depth_x4_y0,constant_width,union,16,0.0,,0.0,,True
depth_x4_y0,constant_width,union,32,0.0,0.0,0.0,,True
depth_x4_y0,constant_width,union,64,0.0,0.0,0.0,,True
depth_x4_y0,constant_width,union,128,0.0,0.0,0.0,,True
depth_x4_y0,constant_width,union,256,0.0,0.0,0.0,,True
depth_x4_y0,constant_width,union,512,0.0,0.0,0.0,,True
depth_x4_y0,constant_width,union,1024,0.0,0.0,0.0,,True
depth_x4_y0,constant_width,union,2048,0.0,0.0,0.0,,True
depth_x4_y0,constant_width,maximum,16,0.0,,0.0,,True
depth_x4_y0,constant_width,maximum,32,0.0,0.0,0.0,,True
depth_x4_y0,constant_width,maximum,64,0.0,0.0,0.0,,True
depth_x4_y0,constant_width,maximum,128,0.0,0.0,0.0,,True
depth_x4_y0,constant_width,maximum,256,0.0,0.0,0.0,,True
depth_x4_y0,constant_width,maximum,512,0.0,0.0,0.0,,True
depth_x4_y0,constant_width,maximum,1024,0.0,0.0,0.0,,True
depth_x4_y0,constant_width,maximum,2048,0.0,0.0,0.0,,True
depth_x4_y2,isotropic,individual_1,16,0.292408832803446,,1.8840272825171311e-07,6.443122974611393e-07,True
depth_x4_y2,isotropic,individual_1,32,0.29240900953299825,1.7672955227032716e-07,1.1673175981385953e-08,3.992071083591956e-08,True
depth_x4_y2,isotropic,individual_1,64,0.2924090204781885,1.094519025413021e-08,7.279857272557422e-10,2.489614459406325e-09,True
depth_x4_y2,isotropic,individual_1,128,0.29240902116069994,6.825114362563056e-10,4.547429099943656e-11,1.555160330274939e-10,True
depth_x4_y2,isotropic,individual_1,256,0.29240902120333245,4.263250863445478e-11,2.841782364981782e-12,9.718518099269153e-12,True
depth_x4_y2,isotropic,individual_1,512,0.2924090212059966,2.664146681041757e-12,1.7763568394002505e-13,6.074904365374424e-13,True
depth_x4_y2,isotropic,individual_1,1024,0.29240902120616313,1.6653345369377348e-13,1.1102230246251565e-14,3.796815228359015e-14,True
depth_x4_y2,isotropic,individual_1,2048,0.29240902120617357,1.0436096431476471e-14,6.661338147750939e-16,2.278089137015409e-15,True
depth_x4_y2,isotropic,union,16,0.292408832803446,,1.8840272825171311e-07,6.443122974611393e-07,True
depth_x4_y2,isotropic,union,32,0.29240900953299825,1.7672955227032716e-07,1.1673175981385953e-08,3.992071083591956e-08,True
depth_x4_y2,isotropic,union,64,0.2924090204781885,1.094519025413021e-08,7.279857272557422e-10,2.489614459406325e-09,True
depth_x4_y2,isotropic,union,128,0.29240902116069994,6.825114362563056e-10,4.547429099943656e-11,1.555160330274939e-10,True
depth_x4_y2,isotropic,union,256,0.29240902120333245,4.263250863445478e-11,2.841782364981782e-12,9.718518099269153e-12,True
depth_x4_y2,isotropic,union,512,0.2924090212059966,2.664146681041757e-12,1.7763568394002505e-13,6.074904365374424e-13,True
depth_x4_y2,isotropic,union,1024,0.29240902120616313,1.6653345369377348e-13,1.1102230246251565e-14,3.796815228359015e-14,True
depth_x4_y2,isotropic,union,2048,0.29240902120617357,1.0436096431476471e-14,6.661338147750939e-16,2.278089137015409e-15,True
depth_x4_y2,isotropic,maximum,16,0.292408832803446,,1.8840272825171311e-07,6.443122974611393e-07,True
depth_x4_y2,isotropic,maximum,32,0.29240900953299825,1.7672955227032716e-07,1.1673175981385953e-08,3.992071083591956e-08,True
depth_x4_y2,isotropic,maximum,64,0.2924090204781885,1.094519025413021e-08,7.279857272557422e-10,2.489614459406325e-09,True
depth_x4_y2,isotropic,maximum,128,0.29240902116069994,6.825114362563056e-10,4.547429099943656e-11,1.555160330274939e-10,True
depth_x4_y2,isotropic,maximum,256,0.29240902120333245,4.263250863445478e-11,2.841782364981782e-12,9.718518099269153e-12,True
depth_x4_y2,isotropic,maximum,512,0.2924090212059966,2.664146681041757e-12,1.7763568394002505e-13,6.074904365374424e-13,True
depth_x4_y2,isotropic,maximum,1024,0.29240902120616313,1.6653345369377348e-13,1.1102230246251565e-14,3.796815228359015e-14,True
depth_x4_y2,isotropic,maximum,2048,0.29240902120617357,1.0436096431476471e-14,6.661338147750939e-16,2.278089137015409e-15,True
depth_x4_y2,expanding,individual_1,16,0.0,,0.0,,True
depth_x4_y2,expanding,individual_1,32,0.0,0.0,0.0,,True
depth_x4_y2,expanding,individual_1,64,0.0,0.0,0.0,,True
depth_x4_y2,expanding,individual_1,128,0.0,0.0,0.0,,True
depth_x4_y2,expanding,individual_1,256,0.0,0.0,0.0,,True
depth_x4_y2,expanding,individual_1,512,0.0,0.0,0.0,,True
depth_x4_y2,expanding,individual_1,1024,0.0,0.0,0.0,,True
depth_x4_y2,expanding,individual_1,2048,0.0,0.0,0.0,,True
depth_x4_y2,expanding,union,16,0.0,,0.0,,True
depth_x4_y2,expanding,union,32,0.0,0.0,0.0,,True
depth_x4_y2,expanding,union,64,0.0,0.0,0.0,,True
depth_x4_y2,expanding,union,128,0.0,0.0,0.0,,True
depth_x4_y2,expanding,union,256,0.0,0.0,0.0,,True
depth_x4_y2,expanding,union,512,0.0,0.0,0.0,,True
depth_x4_y2,expanding,union,1024,0.0,0.0,0.0,,True
depth_x4_y2,expanding,union,2048,0.0,0.0,0.0,,True
depth_x4_y2,expanding,maximum,16,0.0,,0.0,,True
depth_x4_y2,expanding,maximum,32,0.0,0.0,0.0,,True
depth_x4_y2,expanding,maximum,64,0.0,0.0,0.0,,True
depth_x4_y2,expanding,maximum,128,0.0,0.0,0.0,,True
depth_x4_y2,expanding,maximum,256,0.0,0.0,0.0,,True
depth_x4_y2,expanding,maximum,512,0.0,0.0,0.0,,True
depth_x4_y2,expanding,maximum,1024,0.0,0.0,0.0,,True
depth_x4_y2,expanding,maximum,2048,0.0,0.0,0.0,,True
depth_x4_y2,constant_width,individual_1,16,0.0,,0.0,,True
depth_x4_y2,constant_width,individual_1,32,0.0,0.0,0.0,,True
depth_x4_y2,constant_width,individual_1,64,0.0,0.0,0.0,,True
depth_x4_y2,constant_width,individual_1,128,0.0,0.0,0.0,,True
depth_x4_y2,constant_width,individual_1,256,0.0,0.0,0.0,,True
depth_x4_y2,constant_width,individual_1,512,0.0,0.0,0.0,,True
depth_x4_y2,constant_width,individual_1,1024,0.0,0.0,0.0,,True
depth_x4_y2,constant_width,individual_1,2048,0.0,0.0,0.0,,True
depth_x4_y2,constant_width,union,16,0.0,,0.0,,True
depth_x4_y2,constant_width,union,32,0.0,0.0,0.0,,True
depth_x4_y2,constant_width,union,64,0.0,0.0,0.0,,True
depth_x4_y2,constant_width,union,128,0.0,0.0,0.0,,True
depth_x4_y2,constant_width,union,256,0.0,0.0,0.0,,True
depth_x4_y2,constant_width,union,512,0.0,0.0,0.0,,True
depth_x4_y2,constant_width,union,1024,0.0,0.0,0.0,,True
depth_x4_y2,constant_width,union,2048,0.0,0.0,0.0,,True
depth_x4_y2,constant_width,maximum,16,0.0,,0.0,,True
depth_x4_y2,constant_width,maximum,32,0.0,0.0,0.0,,True
depth_x4_y2,constant_width,maximum,64,0.0,0.0,0.0,,True
depth_x4_y2,constant_width,maximum,128,0.0,0.0,0.0,,True
depth_x4_y2,constant_width,maximum,256,0.0,0.0,0.0,,True
depth_x4_y2,constant_width,maximum,512,0.0,0.0,0.0,,True
depth_x4_y2,constant_width,maximum,1024,0.0,0.0,0.0,,True
depth_x4_y2,constant_width,maximum,2048,0.0,0.0,0.0,,True
depth_x5_y0,isotropic,individual_1,16,0.4950990494672012,,4.763863644119404e-07,9.622032329573267e-07,True
depth_x5_y0,isotropic,individual_1,32,0.49509949624498234,4.4677778116009037e-07,2.9608583251850007e-08,5.980329551074397e-08,True
depth_x5_y0,isotropic,individual_1,64,0.4950995240056361,2.776065377574355e-08,1.847929476106458e-09,3.732440407654552e-09,True
depth_x5_y0,isotropic,individual_1,128,0.49509952573811083,1.7324747192404288e-09,1.1545475686602913e-10,2.3319504632322535e-10,True
depth_x5_y0,isotropic,individual_1,256,0.49509952584635036,1.082395284512927e-10,7.21522841473643e-12,1.4573288880245182e-11,True
depth_x5_y0,isotropic,individual_1,512,0.49509952585311473,6.764366844436154e-12,4.5086157030027607e-13,9.106483580709919e-13,True
depth_x5_y0,isotropic,individual_1,1024,0.4950995258535375,4.227729277772596e-13,2.808864252301646e-14,5.673332543510488e-14,True
depth_x5_y0,isotropic,individual_1,2048,0.4950995258535638,2.631228568361621e-14,1.7763568394002505e-15,3.5878782883860795e-15,True
depth_x5_y0,isotropic,union,16,0.4950990494672012,,4.763863644119404e-07,9.622032329573267e-07,True
depth_x5_y0,isotropic,union,32,0.49509949624498234,4.4677778116009037e-07,2.9608583251850007e-08,5.980329551074397e-08,True
depth_x5_y0,isotropic,union,64,0.4950995240056361,2.776065377574355e-08,1.847929476106458e-09,3.732440407654552e-09,True
depth_x5_y0,isotropic,union,128,0.49509952573811083,1.7324747192404288e-09,1.1545475686602913e-10,2.3319504632322535e-10,True
depth_x5_y0,isotropic,union,256,0.49509952584635036,1.082395284512927e-10,7.21522841473643e-12,1.4573288880245182e-11,True
depth_x5_y0,isotropic,union,512,0.49509952585311473,6.764366844436154e-12,4.5086157030027607e-13,9.106483580709919e-13,True
depth_x5_y0,isotropic,union,1024,0.4950995258535375,4.227729277772596e-13,2.808864252301646e-14,5.673332543510488e-14,True
depth_x5_y0,isotropic,union,2048,0.4950995258535638,2.631228568361621e-14,1.7763568394002505e-15,3.5878782883860795e-15,True
depth_x5_y0,isotropic,maximum,16,0.4950990494672012,,4.763863644119404e-07,9.622032329573267e-07,True
depth_x5_y0,isotropic,maximum,32,0.49509949624498234,4.4677778116009037e-07,2.9608583251850007e-08,5.980329551074397e-08,True
depth_x5_y0,isotropic,maximum,64,0.4950995240056361,2.776065377574355e-08,1.847929476106458e-09,3.732440407654552e-09,True
depth_x5_y0,isotropic,maximum,128,0.49509952573811083,1.7324747192404288e-09,1.1545475686602913e-10,2.3319504632322535e-10,True
depth_x5_y0,isotropic,maximum,256,0.49509952584635036,1.082395284512927e-10,7.21522841473643e-12,1.4573288880245182e-11,True
depth_x5_y0,isotropic,maximum,512,0.49509952585311473,6.764366844436154e-12,4.5086157030027607e-13,9.106483580709919e-13,True
depth_x5_y0,isotropic,maximum,1024,0.4950995258535375,4.227729277772596e-13,2.808864252301646e-14,5.673332543510488e-14,True
depth_x5_y0,isotropic,maximum,2048,0.4950995258535638,2.631228568361621e-14,1.7763568394002505e-15,3.5878782883860795e-15,True
depth_x5_y0,expanding,individual_1,16,0.0,,0.0,,True
depth_x5_y0,expanding,individual_1,32,0.0,0.0,0.0,,True
depth_x5_y0,expanding,individual_1,64,0.0,0.0,0.0,,True
depth_x5_y0,expanding,individual_1,128,0.0,0.0,0.0,,True
depth_x5_y0,expanding,individual_1,256,0.0,0.0,0.0,,True
depth_x5_y0,expanding,individual_1,512,0.0,0.0,0.0,,True
depth_x5_y0,expanding,individual_1,1024,0.0,0.0,0.0,,True
depth_x5_y0,expanding,individual_1,2048,0.0,0.0,0.0,,True
depth_x5_y0,expanding,union,16,0.0,,0.0,,True
depth_x5_y0,expanding,union,32,0.0,0.0,0.0,,True
depth_x5_y0,expanding,union,64,0.0,0.0,0.0,,True
depth_x5_y0,expanding,union,128,0.0,0.0,0.0,,True
depth_x5_y0,expanding,union,256,0.0,0.0,0.0,,True
depth_x5_y0,expanding,union,512,0.0,0.0,0.0,,True
depth_x5_y0,expanding,union,1024,0.0,0.0,0.0,,True
depth_x5_y0,expanding,union,2048,0.0,0.0,0.0,,True
depth_x5_y0,expanding,maximum,16,0.0,,0.0,,True
depth_x5_y0,expanding,maximum,32,0.0,0.0,0.0,,True
depth_x5_y0,expanding,maximum,64,0.0,0.0,0.0,,True
depth_x5_y0,expanding,maximum,128,0.0,0.0,0.0,,True
depth_x5_y0,expanding,maximum,256,0.0,0.0,0.0,,True
depth_x5_y0,expanding,maximum,512,0.0,0.0,0.0,,True
depth_x5_y0,expanding,maximum,1024,0.0,0.0,0.0,,True
depth_x5_y0,expanding,maximum,2048,0.0,0.0,0.0,,True
depth_x5_y0,constant_width,individual_1,16,0.0,,0.0,,True
depth_x5_y0,constant_width,individual_1,32,0.0,0.0,0.0,,True
depth_x5_y0,constant_width,individual_1,64,0.0,0.0,0.0,,True
depth_x5_y0,constant_width,individual_1,128,0.0,0.0,0.0,,True
depth_x5_y0,constant_width,individual_1,256,0.0,0.0,0.0,,True
depth_x5_y0,constant_width,individual_1,512,0.0,0.0,0.0,,True
depth_x5_y0,constant_width,individual_1,1024,0.0,0.0,0.0,,True
depth_x5_y0,constant_width,individual_1,2048,0.0,0.0,0.0,,True
depth_x5_y0,constant_width,union,16,0.0,,0.0,,True
depth_x5_y0,constant_width,union,32,0.0,0.0,0.0,,True
depth_x5_y0,constant_width,union,64,0.0,0.0,0.0,,True
depth_x5_y0,constant_width,union,128,0.0,0.0,0.0,,True
depth_x5_y0,constant_width,union,256,0.0,0.0,0.0,,True
depth_x5_y0,constant_width,union,512,0.0,0.0,0.0,,True
depth_x5_y0,constant_width,union,1024,0.0,0.0,0.0,,True
depth_x5_y0,constant_width,union,2048,0.0,0.0,0.0,,True
depth_x5_y0,constant_width,maximum,16,0.0,,0.0,,True
depth_x5_y0,constant_width,maximum,32,0.0,0.0,0.0,,True
depth_x5_y0,constant_width,maximum,64,0.0,0.0,0.0,,True
depth_x5_y0,constant_width,maximum,128,0.0,0.0,0.0,,True
depth_x5_y0,constant_width,maximum,256,0.0,0.0,0.0,,True
depth_x5_y0,constant_width,maximum,512,0.0,0.0,0.0,,True
depth_x5_y0,constant_width,maximum,1024,0.0,0.0,0.0,,True
depth_x5_y0,constant_width,maximum,2048,0.0,0.0,0.0,,True
depth_x5_y2,isotropic,individual_1,16,0.3839603723128336,,6.757509190546962e-07,1.7599527375023058e-06,True
depth_x5_y2,isotropic,individual_1,32,0.38395973823571544,6.340771181445604e-07,4.167380091013584e-08,1.0853691489834748e-07,True
depth_x5_y2,isotropic,individual_1,64,0.38395969915800116,3.907771428668383e-08,2.5960866234520097e-09,6.761351898905316e-09,True
depth_x5_y2,isotropic,individual_1,128,0.38395969672403757,2.433963586234711e-09,1.6212303721729882e-10,4.222397263801255e-10,True
depth_x5_y2,isotropic,individual_1,256,0.38395969657204515,1.5199241865104796e-10,1.013061856625086e-11,2.6384588426762834e-11,True
depth_x5_y2,isotropic,individual_1,512,0.38395969656254764,9.497513886458364e-12,6.331046797924955e-13,1.6488831652423335e-12,True
depth_x5_y2,isotropic,individual_1,1024,0.38395969656195406,5.935807401158399e-13,3.952393967665557e-14,1.0293773026326536e-13,True
depth_x5_y2,isotropic,individual_1,2048,0.383959696561917,3.708144902248023e-14,2.4424906541753444e-15,6.3613204095276345e-15,True
depth_x5_y2,isotropic,union,16,0.3839603723128336,,6.757509190546962e-07,1.7599527375023058e-06,True
depth_x5_y2,isotropic,union,32,0.38395973823571544,6.340771181445604e-07,4.167380091013584e-08,1.0853691489834748e-07,True
depth_x5_y2,isotropic,union,64,0.38395969915800116,3.907771428668383e-08,2.5960866234520097e-09,6.761351898905316e-09,True
depth_x5_y2,isotropic,union,128,0.38395969672403757,2.433963586234711e-09,1.6212303721729882e-10,4.222397263801255e-10,True
depth_x5_y2,isotropic,union,256,0.38395969657204515,1.5199241865104796e-10,1.013061856625086e-11,2.6384588426762834e-11,True
depth_x5_y2,isotropic,union,512,0.38395969656254764,9.497513886458364e-12,6.331046797924955e-13,1.6488831652423335e-12,True
depth_x5_y2,isotropic,union,1024,0.38395969656195406,5.935807401158399e-13,3.952393967665557e-14,1.0293773026326536e-13,True
depth_x5_y2,isotropic,union,2048,0.383959696561917,3.708144902248023e-14,2.4424906541753444e-15,6.3613204095276345e-15,True
depth_x5_y2,isotropic,maximum,16,0.3839603723128336,,6.757509190546962e-07,1.7599527375023058e-06,True
depth_x5_y2,isotropic,maximum,32,0.38395973823571544,6.340771181445604e-07,4.167380091013584e-08,1.0853691489834748e-07,True
depth_x5_y2,isotropic,maximum,64,0.38395969915800116,3.907771428668383e-08,2.5960866234520097e-09,6.761351898905316e-09,True
depth_x5_y2,isotropic,maximum,128,0.38395969672403757,2.433963586234711e-09,1.6212303721729882e-10,4.222397263801255e-10,True
depth_x5_y2,isotropic,maximum,256,0.38395969657204515,1.5199241865104796e-10,1.013061856625086e-11,2.6384588426762834e-11,True
depth_x5_y2,isotropic,maximum,512,0.38395969656254764,9.497513886458364e-12,6.331046797924955e-13,1.6488831652423335e-12,True
depth_x5_y2,isotropic,maximum,1024,0.38395969656195406,5.935807401158399e-13,3.952393967665557e-14,1.0293773026326536e-13,True
depth_x5_y2,isotropic,maximum,2048,0.383959696561917,3.708144902248023e-14,2.4424906541753444e-15,6.3613204095276345e-15,True
depth_x5_y2,expanding,individual_1,16,0.0,,0.0,,True
depth_x5_y2,expanding,individual_1,32,0.0,0.0,0.0,,True
depth_x5_y2,expanding,individual_1,64,0.0,0.0,0.0,,True
depth_x5_y2,expanding,individual_1,128,0.0,0.0,0.0,,True
depth_x5_y2,expanding,individual_1,256,0.0,0.0,0.0,,True
depth_x5_y2,expanding,individual_1,512,0.0,0.0,0.0,,True
depth_x5_y2,expanding,individual_1,1024,0.0,0.0,0.0,,True
depth_x5_y2,expanding,individual_1,2048,0.0,0.0,0.0,,True
depth_x5_y2,expanding,union,16,0.0,,0.0,,True
depth_x5_y2,expanding,union,32,0.0,0.0,0.0,,True
depth_x5_y2,expanding,union,64,0.0,0.0,0.0,,True
depth_x5_y2,expanding,union,128,0.0,0.0,0.0,,True
depth_x5_y2,expanding,union,256,0.0,0.0,0.0,,True
depth_x5_y2,expanding,union,512,0.0,0.0,0.0,,True
depth_x5_y2,expanding,union,1024,0.0,0.0,0.0,,True
depth_x5_y2,expanding,union,2048,0.0,0.0,0.0,,True
depth_x5_y2,expanding,maximum,16,0.0,,0.0,,True
depth_x5_y2,expanding,maximum,32,0.0,0.0,0.0,,True
depth_x5_y2,expanding,maximum,64,0.0,0.0,0.0,,True
depth_x5_y2,expanding,maximum,128,0.0,0.0,0.0,,True
depth_x5_y2,expanding,maximum,256,0.0,0.0,0.0,,True
depth_x5_y2,expanding,maximum,512,0.0,0.0,0.0,,True
depth_x5_y2,expanding,maximum,1024,0.0,0.0,0.0,,True
depth_x5_y2,expanding,maximum,2048,0.0,0.0,0.0,,True
depth_x5_y2,constant_width,individual_1,16,0.0,,0.0,,True
depth_x5_y2,constant_width,individual_1,32,0.0,0.0,0.0,,True
depth_x5_y2,constant_width,individual_1,64,0.0,0.0,0.0,,True
depth_x5_y2,constant_width,individual_1,128,0.0,0.0,0.0,,True
depth_x5_y2,constant_width,individual_1,256,0.0,0.0,0.0,,True
depth_x5_y2,constant_width,individual_1,512,0.0,0.0,0.0,,True
depth_x5_y2,constant_width,individual_1,1024,0.0,0.0,0.0,,True
depth_x5_y2,constant_width,individual_1,2048,0.0,0.0,0.0,,True
depth_x5_y2,constant_width,union,16,0.0,,0.0,,True
depth_x5_y2,constant_width,union,32,0.0,0.0,0.0,,True
depth_x5_y2,constant_width,union,64,0.0,0.0,0.0,,True
depth_x5_y2,constant_width,union,128,0.0,0.0,0.0,,True
depth_x5_y2,constant_width,union,256,0.0,0.0,0.0,,True
depth_x5_y2,constant_width,union,512,0.0,0.0,0.0,,True
depth_x5_y2,constant_width,union,1024,0.0,0.0,0.0,,True
depth_x5_y2,constant_width,union,2048,0.0,0.0,0.0,,True
depth_x5_y2,constant_width,maximum,16,0.0,,0.0,,True
depth_x5_y2,constant_width,maximum,32,0.0,0.0,0.0,,True
depth_x5_y2,constant_width,maximum,64,0.0,0.0,0.0,,True
depth_x5_y2,constant_width,maximum,128,0.0,0.0,0.0,,True
depth_x5_y2,constant_width,maximum,256,0.0,0.0,0.0,,True
depth_x5_y2,constant_width,maximum,512,0.0,0.0,0.0,,True
depth_x5_y2,constant_width,maximum,1024,0.0,0.0,0.0,,True
depth_x5_y2,constant_width,maximum,2048,0.0,0.0,0.0,,True
depth_x5.5_y0,isotropic,individual_1,16,0.5400620533198623,,6.418741652636228e-07,1.188520697202531e-06,True
depth_x5.5_y0,isotropic,individual_1,32,0.5400614507886147,6.02531247673177e-07,3.9342917590445836e-08,7.284897005532814e-08,True
depth_x5.5_y0,isotropic,individual_1,64,0.5400614138928984,3.689571625997701e-08,2.447201330468829e-09,4.531338989612099e-09,True
depth_x5.5_y0,isotropic,individual_1,128,0.5400614115984652,2.2944331989904754e-09,1.5276813147835355e-10,2.828717776176725e-10,True
depth_x5.5_y0,isotropic,individual_1,256,0.5400614114552422,1.4322298902413877e-10,9.545142454214783e-12,1.7674179735714264e-11,True
depth_x5.5_y0,isotropic,individual_1,512,0.5400614114462935,8.94873064538615e-12,5.964118088286341e-13,1.1043407216081075e-12,True
depth_x5.5_y0,isotropic,individual_1,1024,0.5400614114457343,5.592193375036913e-13,3.7192471324942744e-14,6.886711499231496e-14,True
depth_x5.5_y0,isotropic,individual_1,2048,0.5400614114456993,3.497202527569243e-14,2.220446049250313e-15,4.111469551779997e-15,True
depth_x5.5_y0,isotropic,union,16,0.5400620533198623,,6.418741652636228e-07,1.188520697202531e-06,True
depth_x5.5_y0,isotropic,union,32,0.5400614507886147,6.02531247673177e-07,3.9342917590445836e-08,7.284897005532814e-08,True
depth_x5.5_y0,isotropic,union,64,0.5400614138928984,3.689571625997701e-08,2.447201330468829e-09,4.531338989612099e-09,True
depth_x5.5_y0,isotropic,union,128,0.5400614115984652,2.2944331989904754e-09,1.5276813147835355e-10,2.828717776176725e-10,True
depth_x5.5_y0,isotropic,union,256,0.5400614114552422,1.4322298902413877e-10,9.545142454214783e-12,1.7674179735714264e-11,True
depth_x5.5_y0,isotropic,union,512,0.5400614114462935,8.94873064538615e-12,5.964118088286341e-13,1.1043407216081075e-12,True
depth_x5.5_y0,isotropic,union,1024,0.5400614114457343,5.592193375036913e-13,3.7192471324942744e-14,6.886711499231496e-14,True
depth_x5.5_y0,isotropic,union,2048,0.5400614114456993,3.497202527569243e-14,2.220446049250313e-15,4.111469551779997e-15,True
depth_x5.5_y0,isotropic,maximum,16,0.5400620533198623,,6.418741652636228e-07,1.188520697202531e-06,True
depth_x5.5_y0,isotropic,maximum,32,0.5400614507886147,6.02531247673177e-07,3.9342917590445836e-08,7.284897005532814e-08,True
depth_x5.5_y0,isotropic,maximum,64,0.5400614138928984,3.689571625997701e-08,2.447201330468829e-09,4.531338989612099e-09,True
depth_x5.5_y0,isotropic,maximum,128,0.5400614115984652,2.2944331989904754e-09,1.5276813147835355e-10,2.828717776176725e-10,True
depth_x5.5_y0,isotropic,maximum,256,0.5400614114552422,1.4322298902413877e-10,9.545142454214783e-12,1.7674179735714264e-11,True
depth_x5.5_y0,isotropic,maximum,512,0.5400614114462935,8.94873064538615e-12,5.964118088286341e-13,1.1043407216081075e-12,True
depth_x5.5_y0,isotropic,maximum,1024,0.5400614114457343,5.592193375036913e-13,3.7192471324942744e-14,6.886711499231496e-14,True
depth_x5.5_y0,isotropic,maximum,2048,0.5400614114456993,3.497202527569243e-14,2.220446049250313e-15,4.111469551779997e-15,True
depth_x5.5_y0,expanding,individual_1,16,0.0158843994140625,,0.0011610551313920754,0.06811523437500164,True
depth_x5.5_y0,expanding,individual_1,32,0.0170895258585612,0.001205126444498699,4.4071313106623655e-05,0.002585517035588583,True
depth_x5.5_y0,expanding,individual_1,64,0.017042299111684162,4.722674687703682e-05,3.155433770413163e-06,0.0001851187811975719,True
depth_x5.5_y0,expanding,individual_1,128,0.017044226328531902,1.927216847739943e-06,1.2282169226732198e-06,7.205539279682877e-05,True
depth_x5.5_y0,expanding,individual_1,256,0.01704518993695577,9.636084238665021e-07,2.6460849880671766e-07,1.552369859666074e-05,True
depth_x5.5_y0,expanding,individual_1,512,0.01704548487032298,2.949333672112864e-07,3.0324868404568717e-08,1.7790589464013617e-06,True
depth_x5.5_y0,expanding,individual_1,1024,0.017045452404696942,3.2465626038230555e-08,2.1407576336618384e-09,1.2559111450816097e-07,True
depth_x5.5_y0,expanding,individual_1,2048,0.017045454640670716,2.2359737741894925e-09,9.521614052765415e-11,5.586013577622367e-09,True
depth_x5.5_y0,expanding,union,16,0.0158843994140625,,0.0011610551313920754,0.06811523437500164,True
depth_x5.5_y0,expanding,union,32,0.0170895258585612,0.001205126444498699,4.4071313106623655e-05,0.002585517035588583,True
depth_x5.5_y0,expanding,union,64,0.017042299111684162,4.722674687703682e-05,3.155433770413163e-06,0.0001851187811975719,True
depth_x5.5_y0,expanding,union,128,0.017044226328531902,1.927216847739943e-06,1.2282169226732198e-06,7.205539279682877e-05,True
depth_x5.5_y0,expanding,union,256,0.01704518993695577,9.636084238665021e-07,2.6460849880671766e-07,1.552369859666074e-05,True
depth_x5.5_y0,expanding,union,512,0.01704548487032298,2.949333672112864e-07,3.0324868404568717e-08,1.7790589464013617e-06,True
depth_x5.5_y0,expanding,union,1024,0.017045452404696942,3.2465626038230555e-08,2.1407576336618384e-09,1.2559111450816097e-07,True
depth_x5.5_y0,expanding,union,2048,0.017045454640670716,2.2359737741894925e-09,9.521614052765415e-11,5.586013577622367e-09,True
depth_x5.5_y0,expanding,maximum,16,0.0158843994140625,,0.0011610551313920754,0.06811523437500164,True
depth_x5.5_y0,expanding,maximum,32,0.0170895258585612,0.001205126444498699,4.4071313106623655e-05,0.002585517035588583,True
depth_x5.5_y0,expanding,maximum,64,0.017042299111684162,4.722674687703682e-05,3.155433770413163e-06,0.0001851187811975719,True
depth_x5.5_y0,expanding,maximum,128,0.017044226328531902,1.927216847739943e-06,1.2282169226732198e-06,7.205539279682877e-05,True
depth_x5.5_y0,expanding,maximum,256,0.01704518993695577,9.636084238665021e-07,2.6460849880671766e-07,1.552369859666074e-05,True
depth_x5.5_y0,expanding,maximum,512,0.01704548487032298,2.949333672112864e-07,3.0324868404568717e-08,1.7790589464013617e-06,True
depth_x5.5_y0,expanding,maximum,1024,0.017045452404696942,3.2465626038230555e-08,2.1407576336618384e-09,1.2559111450816097e-07,True
depth_x5.5_y0,expanding,maximum,2048,0.017045454640670716,2.2359737741894925e-09,9.521614052765415e-11,5.586013577622367e-09,True
depth_x5.5_y0,constant_width,individual_1,16,0.0158843994140625,,0.0011610551313920754,0.06811523437500164,True
depth_x5.5_y0,constant_width,individual_1,32,0.0170895258585612,0.001205126444498699,4.4071313106623655e-05,0.002585517035588583,True
depth_x5.5_y0,constant_width,individual_1,64,0.017042299111684162,4.722674687703682e-05,3.155433770413163e-06,0.0001851187811975719,True
depth_x5.5_y0,constant_width,individual_1,128,0.017044226328531902,1.927216847739943e-06,1.2282169226732198e-06,7.205539279682877e-05,True
depth_x5.5_y0,constant_width,individual_1,256,0.01704518993695577,9.636084238665021e-07,2.6460849880671766e-07,1.552369859666074e-05,True
depth_x5.5_y0,constant_width,individual_1,512,0.01704548487032298,2.949333672112864e-07,3.0324868404568717e-08,1.7790589464013617e-06,True
depth_x5.5_y0,constant_width,individual_1,1024,0.017045452404696942,3.2465626038230555e-08,2.1407576336618384e-09,1.2559111450816097e-07,True
depth_x5.5_y0,constant_width,individual_1,2048,0.017045454640670716,2.2359737741894925e-09,9.521614052765415e-11,5.586013577622367e-09,True
depth_x5.5_y0,constant_width,union,16,0.0158843994140625,,0.0011610551313920754,0.06811523437500164,True
depth_x5.5_y0,constant_width,union,32,0.0170895258585612,0.001205126444498699,4.4071313106623655e-05,0.002585517035588583,True
depth_x5.5_y0,constant_width,union,64,0.017042299111684162,4.722674687703682e-05,3.155433770413163e-06,0.0001851187811975719,True
depth_x5.5_y0,constant_width,union,128,0.017044226328531902,1.927216847739943e-06,1.2282169226732198e-06,7.205539279682877e-05,True
depth_x5.5_y0,constant_width,union,256,0.01704518993695577,9.636084238665021e-07,2.6460849880671766e-07,1.552369859666074e-05,True
depth_x5.5_y0,constant_width,union,512,0.01704548487032298,2.949333672112864e-07,3.0324868404568717e-08,1.7790589464013617e-06,True
depth_x5.5_y0,constant_width,union,1024,0.017045452404696942,3.2465626038230555e-08,2.1407576336618384e-09,1.2559111450816097e-07,True
depth_x5.5_y0,constant_width,union,2048,0.017045454640670716,2.2359737741894925e-09,9.521614052765415e-11,5.586013577622367e-09,True
depth_x5.5_y0,constant_width,maximum,16,0.0158843994140625,,0.0011610551313920754,0.06811523437500164,True
depth_x5.5_y0,constant_width,maximum,32,0.0170895258585612,0.001205126444498699,4.4071313106623655e-05,0.002585517035588583,True
depth_x5.5_y0,constant_width,maximum,64,0.017042299111684162,4.722674687703682e-05,3.155433770413163e-06,0.0001851187811975719,True
depth_x5.5_y0,constant_width,maximum,128,0.017044226328531902,1.927216847739943e-06,1.2282169226732198e-06,7.205539279682877e-05,True
depth_x5.5_y0,constant_width,maximum,256,0.01704518993695577,9.636084238665021e-07,2.6460849880671766e-07,1.552369859666074e-05,True
depth_x5.5_y0,constant_width,maximum,512,0.01704548487032298,2.949333672112864e-07,3.0324868404568717e-08,1.7790589464013617e-06,True
depth_x5.5_y0,constant_width,maximum,1024,0.017045452404696942,3.2465626038230555e-08,2.1407576336618384e-09,1.2559111450816097e-07,True
depth_x5.5_y0,constant_width,maximum,2048,0.017045454640670716,2.2359737741894925e-09,9.521614052765415e-11,5.586013577622367e-09,True
depth_x5.5_y2,isotropic,individual_1,16,0.42135234708718294,,1.394225691730977e-06,3.308941589576266e-06,True
depth_x5.5_y2,isotropic,individual_1,32,0.42135103877121916,1.3083159637883313e-06,8.590972794264573e-08,2.0389114432805483e-07,True
depth_x5.5_y2,isotropic,individual_1,64,0.4213509582121564,8.055906275394875e-08,5.350665188696979e-09,1.2698832534635038e-08,True
depth_x5.5_y2,isotropic,individual_1,128,0.42135095319561766,5.016538739965881e-09,3.34126448731098e-10,7.929884730578355e-10,True
depth_x5.5_y2,isotropic,individual_1,256,0.42135095288236957,3.1324809413035837e-10,2.0878354600739613e-11,4.9550984657682405e-11,True
depth_x5.5_y2,isotropic,individual_1,512,0.42135095286279606,1.9573509479897666e-11,1.3048451208419465e-12,3.096813029567023e-12,True
depth_x5.5_y2,isotropic,individual_1,1024,0.4213509528615728,1.2232437285319975e-12,8.1601392309949e-14,1.9366609178352437e-13,True
depth_x5.5_y2,isotropic,individual_1,2048,0.4213509528614963,7.649436639667329e-14,5.10702591327572e-15,1.2120598941553905e-14,True
depth_x5.5_y2,isotropic,union,16,0.42135234708718294,,1.394225691730977e-06,3.308941589576266e-06,True
depth_x5.5_y2,isotropic,union,32,0.42135103877121916,1.3083159637883313e-06,8.590972794264573e-08,2.0389114432805483e-07,True
depth_x5.5_y2,isotropic,union,64,0.4213509582121564,8.055906275394875e-08,5.350665188696979e-09,1.2698832534635038e-08,True
depth_x5.5_y2,isotropic,union,128,0.42135095319561766,5.016538739965881e-09,3.34126448731098e-10,7.929884730578355e-10,True
depth_x5.5_y2,isotropic,union,256,0.42135095288236957,3.1324809413035837e-10,2.0878354600739613e-11,4.9550984657682405e-11,True
depth_x5.5_y2,isotropic,union,512,0.42135095286279606,1.9573509479897666e-11,1.3048451208419465e-12,3.096813029567023e-12,True
depth_x5.5_y2,isotropic,union,1024,0.4213509528615728,1.2232437285319975e-12,8.1601392309949e-14,1.9366609178352437e-13,True
depth_x5.5_y2,isotropic,union,2048,0.4213509528614963,7.649436639667329e-14,5.10702591327572e-15,1.2120598941553905e-14,True
depth_x5.5_y2,isotropic,maximum,16,0.42135234708718294,,1.394225691730977e-06,3.308941589576266e-06,True
depth_x5.5_y2,isotropic,maximum,32,0.42135103877121916,1.3083159637883313e-06,8.590972794264573e-08,2.0389114432805483e-07,True
depth_x5.5_y2,isotropic,maximum,64,0.4213509582121564,8.055906275394875e-08,5.350665188696979e-09,1.2698832534635038e-08,True
depth_x5.5_y2,isotropic,maximum,128,0.42135095319561766,5.016538739965881e-09,3.34126448731098e-10,7.929884730578355e-10,True
depth_x5.5_y2,isotropic,maximum,256,0.42135095288236957,3.1324809413035837e-10,2.0878354600739613e-11,4.9550984657682405e-11,True
depth_x5.5_y2,isotropic,maximum,512,0.42135095286279606,1.9573509479897666e-11,1.3048451208419465e-12,3.096813029567023e-12,True
depth_x5.5_y2,isotropic,maximum,1024,0.4213509528615728,1.2232437285319975e-12,8.1601392309949e-14,1.9366609178352437e-13,True
depth_x5.5_y2,isotropic,maximum,2048,0.4213509528614963,7.649436639667329e-14,5.10702591327572e-15,1.2120598941553905e-14,True
depth_x5.5_y2,expanding,individual_1,16,0.010150005648441771,,0.0007553298871555494,0.0692624160613851,True
depth_x5.5_y2,expanding,individual_1,32,0.010933428006219575,0.0007834223577778045,2.8092470622255103e-05,0.0025760299195339144,True
depth_x5.5_y2,expanding,individual_1,64,0.010903330094096565,3.0097912123010565e-05,2.0054415007554616e-06,0.0001838954422089331,True
depth_x5.5_y2,expanding,individual_1,128,0.010904527029877526,1.1969357809615833e-06,8.085057197938783e-07,7.413854595805372e-05,True
depth_x5.5_y2,expanding,individual_1,256,0.010905160405560879,6.333756833523663e-07,1.7513003644151204e-07,1.6059114904795968e-05,True
depth_x5.5_y2,expanding,individual_1,512,0.010905355601647883,1.9519608700398206e-07,2.0066050562470017e-08,1.840021381916236e-06,True
depth_x5.5_y2,expanding,individual_1,1024,0.010905334118500606,2.1483147276749048e-08,1.4170967142790314e-09,1.2994526483420233e-07,True
depth_x5.5_y2,expanding,individual_1,2048,0.010905335598659584,1.4801589780233382e-09,6.306226374430679e-11,5.782698160772608e-09,True
depth_x5.5_y2,expanding,union,16,0.010150005648441771,,0.0007553298871555494,0.0692624160613851,True
depth_x5.5_y2,expanding,union,32,0.010933428006219575,0.0007834223577778045,2.8092470622255103e-05,0.0025760299195339144,True
depth_x5.5_y2,expanding,union,64,0.010903330094096565,3.0097912123010565e-05,2.0054415007554616e-06,0.0001838954422089331,True
depth_x5.5_y2,expanding,union,128,0.010904527029877526,1.1969357809615833e-06,8.085057197938783e-07,7.413854595805372e-05,True
depth_x5.5_y2,expanding,union,256,0.010905160405560879,6.333756833523663e-07,1.7513003644151204e-07,1.6059114904795968e-05,True
depth_x5.5_y2,expanding,union,512,0.010905355601647883,1.9519608700398206e-07,2.0066050562470017e-08,1.840021381916236e-06,True
depth_x5.5_y2,expanding,union,1024,0.010905334118500606,2.1483147276749048e-08,1.4170967142790314e-09,1.2994526483420233e-07,True
depth_x5.5_y2,expanding,union,2048,0.010905335598659584,1.4801589780233382e-09,6.306226374430679e-11,5.782698160772608e-09,True
depth_x5.5_y2,expanding,maximum,16,0.010150005648441771,,0.0007553298871555494,0.0692624160613851,True
depth_x5.5_y2,expanding,maximum,32,0.010933428006219575,0.0007834223577778045,2.8092470622255103e-05,0.0025760299195339144,True
depth_x5.5_y2,expanding,maximum,64,0.010903330094096565,3.0097912123010565e-05,2.0054415007554616e-06,0.0001838954422089331,True
depth_x5.5_y2,expanding,maximum,128,0.010904527029877526,1.1969357809615833e-06,8.085057197938783e-07,7.413854595805372e-05,True
depth_x5.5_y2,expanding,maximum,256,0.010905160405560879,6.333756833523663e-07,1.7513003644151204e-07,1.6059114904795968e-05,True
depth_x5.5_y2,expanding,maximum,512,0.010905355601647883,1.9519608700398206e-07,2.0066050562470017e-08,1.840021381916236e-06,True
depth_x5.5_y2,expanding,maximum,1024,0.010905334118500606,2.1483147276749048e-08,1.4170967142790314e-09,1.2994526483420233e-07,True
depth_x5.5_y2,expanding,maximum,2048,0.010905335598659584,1.4801589780233382e-09,6.306226374430679e-11,5.782698160772608e-09,True
depth_x5.5_y2,constant_width,individual_1,16,0.009841373038119295,,0.0007477004116402952,0.07061056051672497,True
depth_x5.5_y2,constant_width,individual_1,32,0.010616293614539403,0.000774920576420108,2.7220164779812733e-05,0.0025705898546232796,True
depth_x5.5_y2,constant_width,individual_1,64,0.010587129819875987,2.9163794663415385e-05,1.9436298836026517e-06,0.00018355051486084262,True
depth_x5.5_y2,constant_width,individual_1,128,0.010588267907277083,1.1380874010962633e-06,8.055424825063884e-07,7.607299036391868e-05,True
depth_x5.5_y2,constant_width,individual_1,256,0.010588898240964997,6.303336879138338e-07,1.7520879459255456e-07,1.6546187485037458e-05,True
depth_x5.5_y2,constant_width,individual_1,512,0.010589093519821942,1.9527885694418934e-07,2.0070062351634776e-08,1.8953558540186007e-06,True
depth_x5.5_y2,constant_width,individual_1,1024,0.010589072031877153,2.148794478809557e-08,1.4178824364607934e-09,1.339005195485715e-07,True
depth_x5.5_y2,constant_width,individual_1,2048,0.010589073512879237,1.481002083122962e-09,6.311964666216863e-11,5.96082810848778e-09,True
depth_x5.5_y2,constant_width,union,16,0.009841373038119295,,0.0007477004116402952,0.07061056051672497,True
depth_x5.5_y2,constant_width,union,32,0.010616293614539403,0.000774920576420108,2.7220164779812733e-05,0.0025705898546232796,True
depth_x5.5_y2,constant_width,union,64,0.010587129819875987,2.9163794663415385e-05,1.9436298836026517e-06,0.00018355051486084262,True
depth_x5.5_y2,constant_width,union,128,0.010588267907277083,1.1380874010962633e-06,8.055424825063884e-07,7.607299036391868e-05,True
depth_x5.5_y2,constant_width,union,256,0.010588898240964997,6.303336879138338e-07,1.7520879459255456e-07,1.6546187485037458e-05,True
depth_x5.5_y2,constant_width,union,512,0.010589093519821942,1.9527885694418934e-07,2.0070062351634776e-08,1.8953558540186007e-06,True
depth_x5.5_y2,constant_width,union,1024,0.010589072031877153,2.148794478809557e-08,1.4178824364607934e-09,1.339005195485715e-07,True
depth_x5.5_y2,constant_width,union,2048,0.010589073512879237,1.481002083122962e-09,6.311964666216863e-11,5.96082810848778e-09,True
depth_x5.5_y2,constant_width,maximum,16,0.009841373038119295,,0.0007477004116402952,0.07061056051672497,True
depth_x5.5_y2,constant_width,maximum,32,0.010616293614539403,0.000774920576420108,2.7220164779812733e-05,0.0025705898546232796,True
depth_x5.5_y2,constant_width,maximum,64,0.010587129819875987,2.9163794663415385e-05,1.9436298836026517e-06,0.00018355051486084262,True
depth_x5.5_y2,constant_width,maximum,128,0.010588267907277083,1.1380874010962633e-06,8.055424825063884e-07,7.607299036391868e-05,True
depth_x5.5_y2,constant_width,maximum,256,0.010588898240964997,6.303336879138338e-07,1.7520879459255456e-07,1.6546187485037458e-05,True
depth_x5.5_y2,constant_width,maximum,512,0.010589093519821942,1.9527885694418934e-07,2.0070062351634776e-08,1.8953558540186007e-06,True
depth_x5.5_y2,constant_width,maximum,1024,0.010589072031877153,2.148794478809557e-08,1.4178824364607934e-09,1.339005195485715e-07,True
depth_x5.5_y2,constant_width,maximum,2048,0.010589073512879237,1.481002083122962e-09,6.311964666216863e-11,5.96082810848778e-09,True
depth_x6_y0,isotropic,individual_1,16,0.5725600170603455,,2.0058624127239355e-06,3.5033348123575737e-06,True
depth_x6_y0,isotropic,individual_1,32,0.5725581344097339,1.8826506116287334e-06,1.2321180109520213e-07,2.1519531416111463e-07,True
depth_x6_y0,isotropic,individual_1,64,0.5725580188659706,1.1554376333489103e-07,7.668037760311108e-09,1.3392595353382059e-08,True
depth_x6_y0,isotropic,individual_1,128,0.5725580116766779,7.1892927167027665e-09,4.787450436083418e-10,8.361511571669199e-10,True
depth_x6_y0,isotropic,individual_1,256,0.5725580112278464,4.488314164774465e-10,2.991362713089529e-11,5.224558306032361e-11,True
depth_x6_y0,isotropic,individual_1,512,0.5725580111998022,2.8044233602031454e-11,1.8693935288638386e-12,3.2649853679500624e-12,True
depth_x6_y0,isotropic,individual_1,1024,0.5725580111980496,1.7525980666732721e-12,1.1679546219056647e-13,2.0398887083284629e-13,True
depth_x6_y0,isotropic,individual_1,2048,0.5725580111979401,1.0946799022804043e-13,7.327471962526033e-15,1.2797780869741306e-14,True
depth_x6_y0,isotropic,union,16,0.5725600170603455,,2.0058624127239355e-06,3.5033348123575737e-06,True
depth_x6_y0,isotropic,union,32,0.5725581344097339,1.8826506116287334e-06,1.2321180109520213e-07,2.1519531416111463e-07,True
depth_x6_y0,isotropic,union,64,0.5725580188659706,1.1554376333489103e-07,7.668037760311108e-09,1.3392595353382059e-08,True
depth_x6_y0,isotropic,union,128,0.5725580116766779,7.1892927167027665e-09,4.787450436083418e-10,8.361511571669199e-10,True
depth_x6_y0,isotropic,union,256,0.5725580112278464,4.488314164774465e-10,2.991362713089529e-11,5.224558306032361e-11,True
depth_x6_y0,isotropic,union,512,0.5725580111998022,2.8044233602031454e-11,1.8693935288638386e-12,3.2649853679500624e-12,True
depth_x6_y0,isotropic,union,1024,0.5725580111980496,1.7525980666732721e-12,1.1679546219056647e-13,2.0398887083284629e-13,True
depth_x6_y0,isotropic,union,2048,0.5725580111979401,1.0946799022804043e-13,7.327471962526033e-15,1.2797780869741306e-14,True
depth_x6_y0,isotropic,maximum,16,0.5725600170603455,,2.0058624127239355e-06,3.5033348123575737e-06,True
depth_x6_y0,isotropic,maximum,32,0.5725581344097339,1.8826506116287334e-06,1.2321180109520213e-07,2.1519531416111463e-07,True
depth_x6_y0,isotropic,maximum,64,0.5725580188659706,1.1554376333489103e-07,7.668037760311108e-09,1.3392595353382059e-08,True
depth_x6_y0,isotropic,maximum,128,0.5725580116766779,7.1892927167027665e-09,4.787450436083418e-10,8.361511571669199e-10,True
depth_x6_y0,isotropic,maximum,256,0.5725580112278464,4.488314164774465e-10,2.991362713089529e-11,5.224558306032361e-11,True
depth_x6_y0,isotropic,maximum,512,0.5725580111998022,2.8044233602031454e-11,1.8693935288638386e-12,3.2649853679500624e-12,True
depth_x6_y0,isotropic,maximum,1024,0.5725580111980496,1.7525980666732721e-12,1.1679546219056647e-13,2.0398887083284629e-13,True
depth_x6_y0,isotropic,maximum,2048,0.5725580111979401,1.0946799022804043e-13,7.327471962526033e-15,1.2797780869741306e-14,True
depth_x6_y0,expanding,individual_1,16,0.08430989583333333,,0.0009765624999999722,0.011718749999999663,True
depth_x6_y0,expanding,individual_1,32,0.08315022786458333,0.00115966796875,0.00018310546875002776,0.0021972656250003326,True
depth_x6_y0,expanding,individual_1,64,0.08335240681966145,0.000202178955078125,1.9073486328097244e-05,0.00022888183593716688,True
depth_x6_y0,expanding,individual_1,128,0.08333071072896321,2.1696090698242188e-05,2.622604370144943e-06,3.147125244173931e-05,True
depth_x6_y0,expanding,individual_1,256,0.0833336462577184,2.9355287551879883e-06,3.129243850430452e-07,3.7550926205165416e-06,True
depth_x6_y0,expanding,individual_1,512,0.08333329328646262,3.5297125577926636e-07,4.004687073622115e-08,4.805624488346537e-07,True
depth_x6_y0,expanding,individual_1,1024,0.0833333382809845,4.4994521886110306e-08,4.947651149889154e-09,5.9371813798669835e-08,True
depth_x6_y0,expanding,individual_1,2048,0.08333333271123895,5.5697455536574125e-09,6.220944037682585e-10,7.4651328452191e-09,True
depth_x6_y0,expanding,union,16,0.08430989583333333,,0.0009765624999999722,0.011718749999999663,True
depth_x6_y0,expanding,union,32,0.08315022786458333,0.00115966796875,0.00018310546875002776,0.0021972656250003326,True
depth_x6_y0,expanding,union,64,0.08335240681966145,0.000202178955078125,1.9073486328097244e-05,0.00022888183593716688,True
depth_x6_y0,expanding,union,128,0.08333071072896321,2.1696090698242188e-05,2.622604370144943e-06,3.147125244173931e-05,True
depth_x6_y0,expanding,union,256,0.0833336462577184,2.9355287551879883e-06,3.129243850430452e-07,3.7550926205165416e-06,True
depth_x6_y0,expanding,union,512,0.08333329328646262,3.5297125577926636e-07,4.004687073622115e-08,4.805624488346537e-07,True
depth_x6_y0,expanding,union,1024,0.0833333382809845,4.4994521886110306e-08,4.947651149889154e-09,5.9371813798669835e-08,True
depth_x6_y0,expanding,union,2048,0.08333333271123895,5.5697455536574125e-09,6.220944037682585e-10,7.4651328452191e-09,True
depth_x6_y0,expanding,maximum,16,0.08430989583333333,,0.0009765624999999722,0.011718749999999663,True
depth_x6_y0,expanding,maximum,32,0.08315022786458333,0.00115966796875,0.00018310546875002776,0.0021972656250003326,True
depth_x6_y0,expanding,maximum,64,0.08335240681966145,0.000202178955078125,1.9073486328097244e-05,0.00022888183593716688,True
depth_x6_y0,expanding,maximum,128,0.08333071072896321,2.1696090698242188e-05,2.622604370144943e-06,3.147125244173931e-05,True
depth_x6_y0,expanding,maximum,256,0.0833336462577184,2.9355287551879883e-06,3.129243850430452e-07,3.7550926205165416e-06,True
depth_x6_y0,expanding,maximum,512,0.08333329328646262,3.5297125577926636e-07,4.004687073622115e-08,4.805624488346537e-07,True
depth_x6_y0,expanding,maximum,1024,0.0833333382809845,4.4994521886110306e-08,4.947651149889154e-09,5.9371813798669835e-08,True
depth_x6_y0,expanding,maximum,2048,0.08333333271123895,5.5697455536574125e-09,6.220944037682585e-10,7.4651328452191e-09,True
depth_x6_y0,constant_width,individual_1,16,0.08430989583333333,,0.0009765624999999722,0.011718749999999663,True
depth_x6_y0,constant_width,individual_1,32,0.08315022786458333,0.00115966796875,0.00018310546875002776,0.0021972656250003326,True
depth_x6_y0,constant_width,individual_1,64,0.08335240681966145,0.000202178955078125,1.9073486328097244e-05,0.00022888183593716688,True
depth_x6_y0,constant_width,individual_1,128,0.08333071072896321,2.1696090698242188e-05,2.622604370144943e-06,3.147125244173931e-05,True
depth_x6_y0,constant_width,individual_1,256,0.0833336462577184,2.9355287551879883e-06,3.129243850430452e-07,3.7550926205165416e-06,True
depth_x6_y0,constant_width,individual_1,512,0.08333329328646262,3.5297125577926636e-07,4.004687073622115e-08,4.805624488346537e-07,True
depth_x6_y0,constant_width,individual_1,1024,0.0833333382809845,4.4994521886110306e-08,4.947651149889154e-09,5.9371813798669835e-08,True
depth_x6_y0,constant_width,individual_1,2048,0.08333333271123895,5.5697455536574125e-09,6.220944037682585e-10,7.4651328452191e-09,True
depth_x6_y0,constant_width,union,16,0.08430989583333333,,0.0009765624999999722,0.011718749999999663,True
depth_x6_y0,constant_width,union,32,0.08315022786458333,0.00115966796875,0.00018310546875002776,0.0021972656250003326,True
depth_x6_y0,constant_width,union,64,0.08335240681966145,0.000202178955078125,1.9073486328097244e-05,0.00022888183593716688,True
depth_x6_y0,constant_width,union,128,0.08333071072896321,2.1696090698242188e-05,2.622604370144943e-06,3.147125244173931e-05,True
depth_x6_y0,constant_width,union,256,0.0833336462577184,2.9355287551879883e-06,3.129243850430452e-07,3.7550926205165416e-06,True
depth_x6_y0,constant_width,union,512,0.08333329328646262,3.5297125577926636e-07,4.004687073622115e-08,4.805624488346537e-07,True
depth_x6_y0,constant_width,union,1024,0.0833333382809845,4.4994521886110306e-08,4.947651149889154e-09,5.9371813798669835e-08,True
depth_x6_y0,constant_width,union,2048,0.08333333271123895,5.5697455536574125e-09,6.220944037682585e-10,7.4651328452191e-09,True
depth_x6_y0,constant_width,maximum,16,0.08430989583333333,,0.0009765624999999722,0.011718749999999663,True
depth_x6_y0,constant_width,maximum,32,0.08315022786458333,0.00115966796875,0.00018310546875002776,0.0021972656250003326,True
depth_x6_y0,constant_width,maximum,64,0.08335240681966145,0.000202178955078125,1.9073486328097244e-05,0.00022888183593716688,True
depth_x6_y0,constant_width,maximum,128,0.08333071072896321,2.1696090698242188e-05,2.622604370144943e-06,3.147125244173931e-05,True
depth_x6_y0,constant_width,maximum,256,0.0833336462577184,2.9355287551879883e-06,3.129243850430452e-07,3.7550926205165416e-06,True
depth_x6_y0,constant_width,maximum,512,0.08333329328646262,3.5297125577926636e-07,4.004687073622115e-08,4.805624488346537e-07,True
depth_x6_y0,constant_width,maximum,1024,0.0833333382809845,4.4994521886110306e-08,4.947651149889154e-09,5.9371813798669835e-08,True
depth_x6_y0,constant_width,maximum,2048,0.08333333271123895,5.5697455536574125e-09,6.220944037682585e-10,7.4651328452191e-09,True
depth_x6_y2,isotropic,individual_1,16,0.45034347746413766,,1.9976440108759874e-06,4.435842800165503e-06,True
depth_x6_y2,isotropic,individual_1,32,0.4503416029353262,1.874528811451892e-06,1.2311519942409532e-07,2.7338187784360745e-07,True
depth_x6_y2,isotropic,individual_1,64,0.45034148748841596,1.1544691025378029e-07,7.668289170315035e-09,1.7027721215860165e-08,True
depth_x6_y2,isotropic,individual_1,128,0.45034148029898496,7.1894309949804835e-09,4.788581753345511e-10,1.0633223826635165e-09,True
depth_x6_y2,isotropic,individual_1,256,0.45034147985004896,4.489359994863662e-10,2.9922175848184906e-11,6.644330400152408e-11,True
depth_x6_y2,isotropic,individual_1,512,0.45034147982199685,2.8052116185506293e-11,1.8700596626786137e-12,4.152537011304275e-12,True
depth_x6_y2,isotropic,individual_1,1024,0.45034147982024364,1.753208689336816e-12,1.1685097334179773e-13,2.59471930918888e-13,True
depth_x6_y2,isotropic,individual_1,2048,0.4503414798201341,1.0952350137927169e-13,7.327471962526033e-15,1.627092393410604e-14,True
depth_x6_y2,isotropic,union,16,0.45034347746413766,,1.9976440108759874e-06,4.435842800165503e-06,True
depth_x6_y2,isotropic,union,32,0.4503416029353262,1.874528811451892e-06,1.2311519942409532e-07,2.7338187784360745e-07,True
depth_x6_y2,isotropic,union,64,0.45034148748841596,1.1544691025378029e-07,7.668289170315035e-09,1.7027721215860165e-08,True
depth_x6_y2,isotropic,union,128,0.45034148029898496,7.1894309949804835e-09,4.788581753345511e-10,1.0633223826635165e-09,True
depth_x6_y2,isotropic,union,256,0.45034147985004896,4.489359994863662e-10,2.9922175848184906e-11,6.644330400152408e-11,True
depth_x6_y2,isotropic,union,512,0.45034147982199685,2.8052116185506293e-11,1.8700596626786137e-12,4.152537011304275e-12,True
depth_x6_y2,isotropic,union,1024,0.45034147982024364,1.753208689336816e-12,1.1685097334179773e-13,2.59471930918888e-13,True
depth_x6_y2,isotropic,union,2048,0.4503414798201341,1.0952350137927169e-13,7.327471962526033e-15,1.627092393410604e-14,True
depth_x6_y2,isotropic,maximum,16,0.45034347746413766,,1.9976440108759874e-06,4.435842800165503e-06,True
depth_x6_y2,isotropic,maximum,32,0.4503416029353262,1.874528811451892e-06,1.2311519942409532e-07,2.7338187784360745e-07,True
depth_x6_y2,isotropic,maximum,64,0.45034148748841596,1.1544691025378029e-07,7.668289170315035e-09,1.7027721215860165e-08,True
depth_x6_y2,isotropic,maximum,128,0.45034148029898496,7.1894309949804835e-09,4.788581753345511e-10,1.0633223826635165e-09,True
depth_x6_y2,isotropic,maximum,256,0.45034147985004896,4.489359994863662e-10,2.9922175848184906e-11,6.644330400152408e-11,True
depth_x6_y2,isotropic,maximum,512,0.45034147982199685,2.8052116185506293e-11,1.8700596626786137e-12,4.152537011304275e-12,True
depth_x6_y2,isotropic,maximum,1024,0.45034147982024364,1.753208689336816e-12,1.1685097334179773e-13,2.59471930918888e-13,True
depth_x6_y2,isotropic,maximum,2048,0.4503414798201341,1.0952350137927169e-13,7.327471962526033e-15,1.627092393410604e-14,True
depth_x6_y2,expanding,individual_1,16,0.05655688196142042,,0.0007011917285983521,0.012553631074570734,True
depth_x6_y2,expanding,individual_1,32,0.055727669754464214,0.000829212206956205,0.00012802047835785285,0.0022919863280576763,True
depth_x6_y2,expanding,individual_1,64,0.05586923214257581,0.00014156238811159627,1.354190975374342e-05,0.00024244458706529218,True
depth_x6_y2,expanding,individual_1,128,0.05585384162720389,1.5390515371922764e-05,1.8486056181793442e-06,3.309610194545697e-05,True
depth_x6_y2,expanding,individual_1,256,0.0558559116298474,2.0700026435102603e-06,2.213970253309161e-07,3.96373269058303e-06,True
depth_x6_y2,expanding,individual_1,512,0.0558556619512783,2.496785690975223e-07,2.8281543766606188e-08,5.063323655785264e-07,True
depth_x6_y2,expanding,individual_1,1024,0.05585569373014478,3.177886648275674e-08,3.4973227161505527e-09,6.261354396611586e-08,True
depth_x6_y2,expanding,individual_1,2048,0.05585568979328787,3.936856909914077e-09,4.3953419376352443e-10,7.869103253964342e-09,True
depth_x6_y2,expanding,union,16,0.05655688196142042,,0.0007011917285983521,0.012553631074570734,True
depth_x6_y2,expanding,union,32,0.055727669754464214,0.000829212206956205,0.00012802047835785285,0.0022919863280576763,True
depth_x6_y2,expanding,union,64,0.05586923214257581,0.00014156238811159627,1.354190975374342e-05,0.00024244458706529218,True
depth_x6_y2,expanding,union,128,0.055853841627203894,1.5390515371915825e-05,1.8486056181724053e-06,3.309610194533274e-05,True
depth_x6_y2,expanding,union,256,0.0558559116298474,2.0700026435033214e-06,2.213970253309161e-07,3.96373269058303e-06,True
depth_x6_y2,expanding,union,512,0.0558556619512783,2.496785690975223e-07,2.8281543766606188e-08,5.063323655785264e-07,True
depth_x6_y2,expanding,union,1024,0.05585569373014478,3.177886648275674e-08,3.4973227161505527e-09,6.261354396611586e-08,True
depth_x6_y2,expanding,union,2048,0.05585568979328787,3.936856909914077e-09,4.3953419376352443e-10,7.869103253964342e-09,True
depth_x6_y2,expanding,maximum,16,0.05655688196142042,,0.0007011917285983521,0.012553631074570734,True
depth_x6_y2,expanding,maximum,32,0.055727669754464214,0.000829212206956205,0.00012802047835785285,0.0022919863280576763,True
depth_x6_y2,expanding,maximum,64,0.05586923214257581,0.00014156238811159627,1.354190975374342e-05,0.00024244458706529218,True
depth_x6_y2,expanding,maximum,128,0.05585384162720389,1.5390515371922764e-05,1.8486056181793442e-06,3.309610194545697e-05,True
depth_x6_y2,expanding,maximum,256,0.0558559116298474,2.0700026435102603e-06,2.213970253309161e-07,3.96373269058303e-06,True
depth_x6_y2,expanding,maximum,512,0.0558556619512783,2.496785690975223e-07,2.8281543766606188e-08,5.063323655785264e-07,True
depth_x6_y2,expanding,maximum,1024,0.05585569373014478,3.177886648275674e-08,3.4973227161505527e-09,6.261354396611586e-08,True
depth_x6_y2,expanding,maximum,2048,0.05585568979328787,3.936856909914077e-09,4.3953419376352443e-10,7.869103253964342e-09,True
depth_x6_y2,constant_width,individual_1,16,0.053784115914656476,,0.0007183844535167197,0.013537634057542304,True
depth_x6_y2,constant_width,individual_1,32,0.05293918721391925,0.0008449287007372269,0.00012654424722050722,0.0023846697998156506,True
depth_x6_y2,constant_width,individual_1,64,0.0530793541663789,0.00014016695245964994,1.3622705239142718e-05,0.0002567137937054289,True
depth_x6_y2,constant_width,individual_1,128,0.05306388827850888,1.546588787001979e-05,1.8431826308770716e-06,3.473395315820421e-05,True
depth_x6_y2,constant_width,individual_1,256,0.05306595318568574,2.064907176857478e-06,2.2172454598040625e-07,4.178300004076567e-06,True
depth_x6_y2,constant_width,individual_1,512,0.053065703200426535,2.499852592013907e-07,2.8260713220984446e-08,5.325605139670952e-07,True
depth_x6_y2,constant_width,individual_1,1024,0.05306573495975319,3.175932665466785e-08,3.4986134336834063e-09,6.59298070025748e-08,True
depth_x6_y2,constant_width,individual_1,2048,0.053065731021686595,3.938066595043921e-09,4.394531613605146e-10,8.281298481343423e-09,True
depth_x6_y2,constant_width,union,16,0.053784115914656476,,0.0007183844535167197,0.013537634057542304,True
depth_x6_y2,constant_width,union,32,0.05293918721391925,0.0008449287007372269,0.00012654424722050722,0.0023846697998156506,True
depth_x6_y2,constant_width,union,64,0.0530793541663789,0.00014016695245964994,1.3622705239142718e-05,0.0002567137937054289,True
depth_x6_y2,constant_width,union,128,0.05306388827850888,1.546588787001979e-05,1.8431826308770716e-06,3.473395315820421e-05,True
depth_x6_y2,constant_width,union,256,0.05306595318568574,2.064907176857478e-06,2.2172454598040625e-07,4.178300004076567e-06,True
depth_x6_y2,constant_width,union,512,0.053065703200426535,2.499852592013907e-07,2.8260713220984446e-08,5.325605139670952e-07,True
depth_x6_y2,constant_width,union,1024,0.05306573495975319,3.175932665466785e-08,3.4986134336834063e-09,6.59298070025748e-08,True
depth_x6_y2,constant_width,union,2048,0.053065731021686595,3.938066595043921e-09,4.394531613605146e-10,8.281298481343423e-09,True
depth_x6_y2,constant_width,maximum,16,0.053784115914656476,,0.0007183844535167197,0.013537634057542304,True
depth_x6_y2,constant_width,maximum,32,0.05293918721391925,0.0008449287007372269,0.00012654424722050722,0.0023846697998156506,True
depth_x6_y2,constant_width,maximum,64,0.0530793541663789,0.00014016695245964994,1.3622705239142718e-05,0.0002567137937054289,True
depth_x6_y2,constant_width,maximum,128,0.05306388827850888,1.546588787001979e-05,1.8431826308770716e-06,3.473395315820421e-05,True
depth_x6_y2,constant_width,maximum,256,0.05306595318568574,2.064907176857478e-06,2.2172454598040625e-07,4.178300004076567e-06,True
depth_x6_y2,constant_width,maximum,512,0.053065703200426535,2.499852592013907e-07,2.8260713220984446e-08,5.325605139670952e-07,True
depth_x6_y2,constant_width,maximum,1024,0.05306573495975319,3.175932665466785e-08,3.4986134336834063e-09,6.59298070025748e-08,True
depth_x6_y2,constant_width,maximum,2048,0.053065731021686595,3.938066595043921e-09,4.394531613605146e-10,8.281298481343423e-09,True
depth_x10_y0,isotropic,individual_1,16,0.4950917406147883,,7.78523877731363e-06,1.5724593482273404e-05,True
depth_x10_y0,isotropic,individual_1,32,0.4950990494672012,7.30885241290169e-06,4.763863644119404e-07,9.622032329573267e-07,True
depth_x10_y0,isotropic,individual_1,64,0.49509949624498234,4.4677778116009037e-07,2.9608583251850007e-08,5.980329551074397e-08,True
depth_x10_y0,isotropic,individual_1,128,0.4950995240056361,2.776065377574355e-08,1.847929476106458e-09,3.732440407654552e-09,True
depth_x10_y0,isotropic,individual_1,256,0.49509952573811083,1.7324747192404288e-09,1.1545475686602913e-10,2.3319504632322535e-10,True
depth_x10_y0,isotropic,individual_1,512,0.49509952584635036,1.082395284512927e-10,7.21522841473643e-12,1.4573288880245182e-11,True
depth_x10_y0,isotropic,individual_1,1024,0.49509952585311473,6.764366844436154e-12,4.5086157030027607e-13,9.106483580709919e-13,True
depth_x10_y0,isotropic,individual_1,2048,0.4950995258535375,4.227729277772596e-13,2.808864252301646e-14,5.673332543510488e-14,True
depth_x10_y0,isotropic,union,16,0.4950917406147883,,7.78523877731363e-06,1.5724593482273404e-05,True
depth_x10_y0,isotropic,union,32,0.4950990494672012,7.30885241290169e-06,4.763863644119404e-07,9.622032329573267e-07,True
depth_x10_y0,isotropic,union,64,0.49509949624498234,4.4677778116009037e-07,2.9608583251850007e-08,5.980329551074397e-08,True
depth_x10_y0,isotropic,union,128,0.4950995240056361,2.776065377574355e-08,1.847929476106458e-09,3.732440407654552e-09,True
depth_x10_y0,isotropic,union,256,0.49509952573811083,1.7324747192404288e-09,1.1545475686602913e-10,2.3319504632322535e-10,True
depth_x10_y0,isotropic,union,512,0.49509952584635036,1.082395284512927e-10,7.21522841473643e-12,1.4573288880245182e-11,True
depth_x10_y0,isotropic,union,1024,0.49509952585311473,6.764366844436154e-12,4.5086157030027607e-13,9.106483580709919e-13,True
depth_x10_y0,isotropic,union,2048,0.4950995258535375,4.227729277772596e-13,2.808864252301646e-14,5.673332543510488e-14,True
depth_x10_y0,isotropic,maximum,16,0.4950917406147883,,7.78523877731363e-06,1.5724593482273404e-05,True
depth_x10_y0,isotropic,maximum,32,0.4950990494672012,7.30885241290169e-06,4.763863644119404e-07,9.622032329573267e-07,True
depth_x10_y0,isotropic,maximum,64,0.49509949624498234,4.4677778116009037e-07,2.9608583251850007e-08,5.980329551074397e-08,True
depth_x10_y0,isotropic,maximum,128,0.4950995240056361,2.776065377574355e-08,1.847929476106458e-09,3.732440407654552e-09,True
depth_x10_y0,isotropic,maximum,256,0.49509952573811083,1.7324747192404288e-09,1.1545475686602913e-10,2.3319504632322535e-10,True
depth_x10_y0,isotropic,maximum,512,0.49509952584635036,1.082395284512927e-10,7.21522841473643e-12,1.4573288880245182e-11,True
depth_x10_y0,isotropic,maximum,1024,0.49509952585311473,6.764366844436154e-12,4.5086157030027607e-13,9.106483580709919e-13,True
depth_x10_y0,isotropic,maximum,2048,0.4950995258535375,4.227729277772596e-13,2.808864252301646e-14,5.673332543510488e-14,True
depth_x10_y0,expanding,individual_1,16,0.4527994791666667,,0.0027994791666666186,0.006221064814814707,True
depth_x10_y0,expanding,individual_1,32,0.4505208333333333,0.0022786458333333703,0.0005208333333332482,0.001157407407407218,True
depth_x10_y0,expanding,individual_1,64,0.4499651590983073,0.0005556742350260047,3.484090169275644e-05,7.742422598390319e-05,True
depth_x10_y0,expanding,individual_1,128,0.44999440511067706,2.924601236975466e-05,5.594889323001784e-06,1.2433087384448406e-05,True
depth_x10_y0,expanding,individual_1,256,0.4500005791584651,6.17404778802122e-06,5.791584650194359e-07,1.2870188111543017e-06,True
depth_x10_y0,expanding,individual_1,512,0.4500000973542531,4.81804211971415e-07,9.735425304802092e-08,2.1634278455115757e-07,True
depth_x10_y0,expanding,individual_1,1024,0.4499999910864669,1.0626778623734623e-07,8.913533189325307e-09,1.980785153183401e-08,True
depth_x10_y0,expanding,individual_1,2048,0.4499999985176449,7.4311780062785715e-09,1.4823551830467352e-09,3.2941226289927444e-09,True
depth_x10_y0,expanding,union,16,0.4527994791666667,,0.0027994791666666186,0.006221064814814707,True
depth_x10_y0,expanding,union,32,0.4505208333333333,0.0022786458333333703,0.0005208333333332482,0.001157407407407218,True
depth_x10_y0,expanding,union,64,0.4499651590983073,0.0005556742350260047,3.484090169275644e-05,7.742422598390319e-05,True
depth_x10_y0,expanding,union,128,0.44999440511067706,2.924601236975466e-05,5.594889323001784e-06,1.2433087384448406e-05,True
depth_x10_y0,expanding,union,256,0.4500005791584651,6.17404778802122e-06,5.791584650194359e-07,1.2870188111543017e-06,True
depth_x10_y0,expanding,union,512,0.4500000973542531,4.81804211971415e-07,9.735425304802092e-08,2.1634278455115757e-07,True
depth_x10_y0,expanding,union,1024,0.4499999910864669,1.0626778623734623e-07,8.913533189325307e-09,1.980785153183401e-08,True
depth_x10_y0,expanding,union,2048,0.4499999985176449,7.4311780062785715e-09,1.4823551830467352e-09,3.2941226289927444e-09,True
depth_x10_y0,expanding,maximum,16,0.4527994791666667,,0.0027994791666666186,0.006221064814814707,True
depth_x10_y0,expanding,maximum,32,0.4505208333333333,0.0022786458333333703,0.0005208333333332482,0.001157407407407218,True
depth_x10_y0,expanding,maximum,64,0.4499651590983073,0.0005556742350260047,3.484090169275644e-05,7.742422598390319e-05,True
depth_x10_y0,expanding,maximum,128,0.44999440511067706,2.924601236975466e-05,5.594889323001784e-06,1.2433087384448406e-05,True
depth_x10_y0,expanding,maximum,256,0.4500005791584651,6.17404778802122e-06,5.791584650194359e-07,1.2870188111543017e-06,True
depth_x10_y0,expanding,maximum,512,0.4500000973542531,4.81804211971415e-07,9.735425304802092e-08,2.1634278455115757e-07,True
depth_x10_y0,expanding,maximum,1024,0.4499999910864669,1.0626778623734623e-07,8.913533189325307e-09,1.980785153183401e-08,True
depth_x10_y0,expanding,maximum,2048,0.4499999985176449,7.4311780062785715e-09,1.4823551830467352e-09,3.2941226289927444e-09,True
depth_x10_y0,constant_width,individual_1,16,0.4527994791666667,,0.0027994791666666186,0.006221064814814707,True
depth_x10_y0,constant_width,individual_1,32,0.4505208333333333,0.0022786458333333703,0.0005208333333332482,0.001157407407407218,True
depth_x10_y0,constant_width,individual_1,64,0.4499651590983073,0.0005556742350260047,3.484090169275644e-05,7.742422598390319e-05,True
depth_x10_y0,constant_width,individual_1,128,0.44999440511067706,2.924601236975466e-05,5.594889323001784e-06,1.2433087384448406e-05,True
depth_x10_y0,constant_width,individual_1,256,0.4500005791584651,6.17404778802122e-06,5.791584650194359e-07,1.2870188111543017e-06,True
depth_x10_y0,constant_width,individual_1,512,0.4500000973542531,4.81804211971415e-07,9.735425304802092e-08,2.1634278455115757e-07,True
depth_x10_y0,constant_width,individual_1,1024,0.4499999910864669,1.0626778623734623e-07,8.913533189325307e-09,1.980785153183401e-08,True
depth_x10_y0,constant_width,individual_1,2048,0.4499999985176449,7.4311780062785715e-09,1.4823551830467352e-09,3.2941226289927444e-09,True
depth_x10_y0,constant_width,union,16,0.4527994791666667,,0.0027994791666666186,0.006221064814814707,True
depth_x10_y0,constant_width,union,32,0.4505208333333333,0.0022786458333333703,0.0005208333333332482,0.001157407407407218,True
depth_x10_y0,constant_width,union,64,0.4499651590983073,0.0005556742350260047,3.484090169275644e-05,7.742422598390319e-05,True
depth_x10_y0,constant_width,union,128,0.44999440511067706,2.924601236975466e-05,5.594889323001784e-06,1.2433087384448406e-05,True
depth_x10_y0,constant_width,union,256,0.4500005791584651,6.17404778802122e-06,5.791584650194359e-07,1.2870188111543017e-06,True
depth_x10_y0,constant_width,union,512,0.4500000973542531,4.81804211971415e-07,9.735425304802092e-08,2.1634278455115757e-07,True
depth_x10_y0,constant_width,union,1024,0.4499999910864669,1.0626778623734623e-07,8.913533189325307e-09,1.980785153183401e-08,True
depth_x10_y0,constant_width,union,2048,0.4499999985176449,7.4311780062785715e-09,1.4823551830467352e-09,3.2941226289927444e-09,True
depth_x10_y0,constant_width,maximum,16,0.4527994791666667,,0.0027994791666666186,0.006221064814814707,True
depth_x10_y0,constant_width,maximum,32,0.4505208333333333,0.0022786458333333703,0.0005208333333332482,0.001157407407407218,True
depth_x10_y0,constant_width,maximum,64,0.4499651590983073,0.0005556742350260047,3.484090169275644e-05,7.742422598390319e-05,True
depth_x10_y0,constant_width,maximum,128,0.44999440511067706,2.924601236975466e-05,5.594889323001784e-06,1.2433087384448406e-05,True
depth_x10_y0,constant_width,maximum,256,0.4500005791584651,6.17404778802122e-06,5.791584650194359e-07,1.2870188111543017e-06,True
depth_x10_y0,constant_width,maximum,512,0.4500000973542531,4.81804211971415e-07,9.735425304802092e-08,2.1634278455115757e-07,True
depth_x10_y0,constant_width,maximum,1024,0.4499999910864669,1.0626778623734623e-07,8.913533189325307e-09,1.980785153183401e-08,True
depth_x10_y0,constant_width,maximum,2048,0.4499999985176449,7.4311780062785715e-09,1.4823551830467352e-09,3.2941226289927444e-09,True
depth_x10_y2,isotropic,individual_1,16,0.4310423939332583,,7.001168029485694e-06,1.624214790474433e-05,True
depth_x10_y2,isotropic,individual_1,32,0.4310489657838685,6.571850610148644e-06,4.293174193370497e-07,9.959819552377956e-07,True
depth_x10_y2,isotropic,individual_1,64,0.43104936840511215,4.026212436780696e-07,2.669617565898008e-08,6.193298485596303e-08,True
depth_x10_y2,isotropic,individual_1,128,0.4310493934349277,2.502981555352335e-08,1.6663601054567323e-09,3.865821700237328e-09,True
depth_x10_y2,isotropic,individual_1,256,0.43104939499717404,1.5622463322984004e-09,1.0411377315833192e-10,2.4153559740843e-10,True
depth_x10_y2,isotropic,individual_1,512,0.4310493950947813,9.760725561136496e-11,6.506517546966961e-12,1.5094598486649222e-11,True
depth_x10_y2,isotropic,individual_1,1024,0.43104939510088114,6.099842853046766e-12,4.0667469392019484e-13,9.434526496079054e-13,True
depth_x10_y2,isotropic,individual_1,2048,0.4310493951012624,3.8125058665627876e-13,2.5424107263916085e-14,5.89818882774257e-14,True
depth_x10_y2,isotropic,union,16,0.4310423939332583,,7.001168029485694e-06,1.624214790474433e-05,True
depth_x10_y2,isotropic,union,32,0.4310489657838685,6.571850610148644e-06,4.293174193370497e-07,9.959819552377956e-07,True
depth_x10_y2,isotropic,union,64,0.43104936840511215,4.026212436780696e-07,2.669617565898008e-08,6.193298485596303e-08,True
depth_x10_y2,isotropic,union,128,0.4310493934349277,2.502981555352335e-08,1.6663601054567323e-09,3.865821700237328e-09,True
depth_x10_y2,isotropic,union,256,0.43104939499717404,1.5622463322984004e-09,1.0411377315833192e-10,2.4153559740843e-10,True
depth_x10_y2,isotropic,union,512,0.4310493950947813,9.760725561136496e-11,6.506517546966961e-12,1.5094598486649222e-11,True
depth_x10_y2,isotropic,union,1024,0.4310493951008812,6.0998983641979976e-12,4.066191827689636e-13,9.433238681924525e-13,True
depth_x10_y2,isotropic,union,2048,0.4310493951012624,3.811950755050475e-13,2.5424107263916085e-14,5.89818882774257e-14,True
depth_x10_y2,isotropic,maximum,16,0.4310423939332583,,7.001168029485694e-06,1.624214790474433e-05,True
depth_x10_y2,isotropic,maximum,32,0.4310489657838685,6.571850610148644e-06,4.293174193370497e-07,9.959819552377956e-07,True
depth_x10_y2,isotropic,maximum,64,0.43104936840511215,4.026212436780696e-07,2.669617565898008e-08,6.193298485596303e-08,True
depth_x10_y2,isotropic,maximum,128,0.4310493934349277,2.502981555352335e-08,1.6663601054567323e-09,3.865821700237328e-09,True
depth_x10_y2,isotropic,maximum,256,0.43104939499717404,1.5622463322984004e-09,1.0411377315833192e-10,2.4153559740843e-10,True
depth_x10_y2,isotropic,maximum,512,0.4310493950947813,9.760725561136496e-11,6.506517546966961e-12,1.5094598486649222e-11,True
depth_x10_y2,isotropic,maximum,1024,0.43104939510088114,6.099842853046766e-12,4.0667469392019484e-13,9.434526496079054e-13,True
depth_x10_y2,isotropic,maximum,2048,0.4310493951012624,3.8125058665627876e-13,2.5424107263916085e-14,5.89818882774257e-14,True
depth_x10_y2,expanding,individual_1,16,0.37375652516377283,,0.002502816939277841,0.0067415271116010025,True
depth_x10_y2,expanding,individual_1,32,0.37170311173425397,0.002053413429518869,0.00044940350975897214,0.001210502413317904,True
depth_x10_y2,expanding,individual_1,64,0.3712240766034687,0.00047903513078528803,2.963162102631589e-05,7.981501698131946e-05,True
depth_x10_y2,expanding,individual_1,128,0.3712489082092199,2.483160575122989e-05,4.800015275086e-06,1.2929204931155754e-05,True
depth_x10_y2,expanding,individual_1,256,0.37125420695209904,5.298742879134011e-06,4.987276040480104e-07,1.3433605995025716e-06,True
depth_x10_y2,expanding,individual_1,512,0.37125379187448293,4.150776161115921e-07,8.364998793641831e-08,2.2531758224441935e-07,True
depth_x10_y2,expanding,individual_1,1024,0.37125370057275825,9.130172468063691e-08,7.651736744218596e-09,2.061053283699899e-08,True
depth_x10_y2,expanding,individual_1,2048,0.3712537069512831,6.3785248749503864e-09,1.2732118692682093e-09,3.4294926651569105e-09,True
depth_x10_y2,expanding,union,16,0.37375652516377283,,0.002502816939277841,0.0067415271116010025,True
depth_x10_y2,expanding,union,32,0.37170311173425397,0.002053413429518869,0.00044940350975897214,0.001210502413317904,True
depth_x10_y2,expanding,union,64,0.3712240766034687,0.00047903513078528803,2.963162102631589e-05,7.981501698131946e-05,True
depth_x10_y2,expanding,union,128,0.3712489082092199,2.483160575122989e-05,4.800015275086e-06,1.2929204931155754e-05,True
depth_x10_y2,expanding,union,256,0.37125420695209904,5.298742879134011e-06,4.987276040480104e-07,1.3433605995025716e-06,True
depth_x10_y2,expanding,union,512,0.37125379187448293,4.150776161115921e-07,8.364998793641831e-08,2.2531758224441935e-07,True
depth_x10_y2,expanding,union,1024,0.37125370057275825,9.130172468063691e-08,7.651736744218596e-09,2.061053283699899e-08,True
depth_x10_y2,expanding,union,2048,0.3712537069512831,6.3785248749503864e-09,1.2732118692682093e-09,3.4294926651569105e-09,True
depth_x10_y2,expanding,maximum,16,0.37375652516377283,,0.002502816939277841,0.0067415271116010025,True
depth_x10_y2,expanding,maximum,32,0.37170311173425397,0.002053413429518869,0.00044940350975897214,0.001210502413317904,True
depth_x10_y2,expanding,maximum,64,0.3712240766034687,0.00047903513078528803,2.963162102631589e-05,7.981501698131946e-05,True
depth_x10_y2,expanding,maximum,128,0.3712489082092199,2.483160575122989e-05,4.800015275086e-06,1.2929204931155754e-05,True
depth_x10_y2,expanding,maximum,256,0.37125420695209904,5.298742879134011e-06,4.987276040480104e-07,1.3433605995025716e-06,True
depth_x10_y2,expanding,maximum,512,0.37125379187448293,4.150776161115921e-07,8.364998793641831e-08,2.2531758224441935e-07,True
depth_x10_y2,expanding,maximum,1024,0.37125370057275825,9.130172468063691e-08,7.651736744218596e-09,2.061053283699899e-08,True
depth_x10_y2,expanding,maximum,2048,0.3712537069512831,6.3785248749503864e-09,1.2732118692682093e-09,3.4294926651569105e-09,True
depth_x10_y2,constant_width,individual_1,16,0.33480477600421765,,0.0025472470484437237,0.007666484056657094,True
depth_x10_y2,constant_width,individual_1,32,0.3326960090807716,0.002108766923446026,0.00043848012499769773,0.0013196995907835782,True
depth_x10_y2,constant_width,individual_1,64,0.3322289967406448,0.0004670123401268045,2.8532215129106753e-05,8.587379560300231e-05,True
depth_x10_y2,constant_width,individual_1,128,0.332252863233743,2.3866493098156916e-05,4.665722030949837e-06,1.4042486999808155e-05,True
depth_x10_y2,constant_width,individual_1,256,0.33225801516195946,5.151928216484691e-06,4.862061855348543e-07,1.463341363739487e-06,True
depth_x10_y2,constant_width,individual_1,512,0.3322576103076787,4.048542807666422e-07,8.135190476821208e-08,2.4484593328520376e-07,True
depth_x10_y2,constant_width,individual_1,1024,0.332257521519919,8.878775970000419e-08,7.4358549317921074e-09,2.2379793635261392e-08,True
depth_x10_y2,constant_width,individual_1,2048,0.33225752771773737,6.1978183696353994e-09,1.238036562156708e-09,3.726135465004016e-09,True
depth_x10_y2,constant_width,union,16,0.33480477600421765,,0.0025472470484437237,0.007666484056657094,True
depth_x10_y2,constant_width,union,32,0.3326960090807716,0.002108766923446026,0.00043848012499769773,0.0013196995907835782,True
depth_x10_y2,constant_width,union,64,0.3322289967406448,0.0004670123401268045,2.8532215129106753e-05,8.587379560300231e-05,True
depth_x10_y2,constant_width,union,128,0.332252863233743,2.3866493098156916e-05,4.665722030949837e-06,1.4042486999808155e-05,True
depth_x10_y2,constant_width,union,256,0.33225801516195946,5.151928216484691e-06,4.862061855348543e-07,1.463341363739487e-06,True
depth_x10_y2,constant_width,union,512,0.3322576103076787,4.048542807666422e-07,8.135190476821208e-08,2.4484593328520376e-07,True
depth_x10_y2,constant_width,union,1024,0.332257521519919,8.878775970000419e-08,7.4358549317921074e-09,2.2379793635261392e-08,True
depth_x10_y2,constant_width,union,2048,0.33225752771773737,6.1978183696353994e-09,1.238036562156708e-09,3.726135465004016e-09,True
depth_x10_y2,constant_width,maximum,16,0.33480477600421765,,0.0025472470484437237,0.007666484056657094,True
depth_x10_y2,constant_width,maximum,32,0.3326960090807716,0.002108766923446026,0.00043848012499769773,0.0013196995907835782,True
depth_x10_y2,constant_width,maximum,64,0.3322289967406448,0.0004670123401268045,2.8532215129106753e-05,8.587379560300231e-05,True
depth_x10_y2,constant_width,maximum,128,0.332252863233743,2.3866493098156916e-05,4.665722030949837e-06,1.4042486999808155e-05,True
depth_x10_y2,constant_width,maximum,256,0.33225801516195946,5.151928216484691e-06,4.862061855348543e-07,1.463341363739487e-06,True
depth_x10_y2,constant_width,maximum,512,0.3322576103076787,4.048542807666422e-07,8.135190476821208e-08,2.4484593328520376e-07,True
depth_x10_y2,constant_width,maximum,1024,0.332257521519919,8.878775970000419e-08,7.4358549317921074e-09,2.2379793635261392e-08,True
depth_x10_y2,constant_width,maximum,2048,0.33225752771773737,6.1978183696353994e-09,1.238036562156708e-09,3.726135465004016e-09,True
depth_x20_y0,isotropic,individual_1,16,0.24907281620533275,,3.3478989600654874e-05,0.00013439640124091013,True
depth_x20_y0,isotropic,individual_1,32,0.24910434888523827,3.1532679905521555e-05,1.946309695133319e-06,7.813169448850225e-06,True
depth_x20_y0,isotropic,individual_1,64,0.24910617609834226,1.8272131039887007e-06,1.1909659114461846e-07,4.780954694517923e-07,True
depth_x20_y0,isotropic,individual_1,128,0.24910628779278762,1.1169444535941153e-07,7.402145785206926e-09,2.97148082083374e-08,True
depth_x20_y0,isotropic,individual_1,256,0.24910629473295107,6.940163443935887e-09,4.619823412710389e-10,1.8545590785231797e-09,True
depth_x20_y0,isotropic,individual_1,512,0.24910629516606975,4.331186798101072e-10,2.8863661460931667e-11,1.1586885605739091e-10,True
depth_x20_y0,isotropic,individual_1,1024,0.24910629519312963,2.7059882112823175e-11,1.8037793481084918e-12,7.241002667945339e-12,True
depth_x20_y0,isotropic,individual_1,2048,0.24910629519482066,1.6910361999578072e-12,1.1274314815068465e-13,4.525905218993347e-13,True
depth_x20_y0,isotropic,union,16,0.24907281620533275,,3.3478989600654874e-05,0.00013439640124091013,True
depth_x20_y0,isotropic,union,32,0.24910434888523827,3.1532679905521555e-05,1.946309695133319e-06,7.813169448850225e-06,True
depth_x20_y0,isotropic,union,64,0.24910617609834226,1.8272131039887007e-06,1.1909659114461846e-07,4.780954694517923e-07,True
depth_x20_y0,isotropic,union,128,0.24910628779278762,1.1169444535941153e-07,7.402145785206926e-09,2.97148082083374e-08,True
depth_x20_y0,isotropic,union,256,0.24910629473295107,6.940163443935887e-09,4.619823412710389e-10,1.8545590785231797e-09,True
depth_x20_y0,isotropic,union,512,0.24910629516606975,4.331186798101072e-10,2.8863661460931667e-11,1.1586885605739091e-10,True
depth_x20_y0,isotropic,union,1024,0.24910629519312963,2.7059882112823175e-11,1.8037793481084918e-12,7.241002667945339e-12,True
depth_x20_y0,isotropic,union,2048,0.24910629519482066,1.6910361999578072e-12,1.1274314815068465e-13,4.525905218993347e-13,True
depth_x20_y0,isotropic,maximum,16,0.24907281620533275,,3.3478989600654874e-05,0.00013439640124091013,True
depth_x20_y0,isotropic,maximum,32,0.24910434888523827,3.1532679905521555e-05,1.946309695133319e-06,7.813169448850225e-06,True
depth_x20_y0,isotropic,maximum,64,0.24910617609834226,1.8272131039887007e-06,1.1909659114461846e-07,4.780954694517923e-07,True
depth_x20_y0,isotropic,maximum,128,0.24910628779278762,1.1169444535941153e-07,7.402145785206926e-09,2.97148082083374e-08,True
depth_x20_y0,isotropic,maximum,256,0.24910629473295107,6.940163443935887e-09,4.619823412710389e-10,1.8545590785231797e-09,True
depth_x20_y0,isotropic,maximum,512,0.24910629516606975,4.331186798101072e-10,2.8863661460931667e-11,1.1586885605739091e-10,True
depth_x20_y0,isotropic,maximum,1024,0.24910629519312963,2.7059882112823175e-11,1.8037793481084918e-12,7.241002667945339e-12,True
depth_x20_y0,isotropic,maximum,2048,0.24910629519482066,1.6910361999578072e-12,1.1274314815068465e-13,4.525905218993347e-13,True
depth_x20_y0,expanding,individual_1,16,0.7291666666666666,,0.004166666666666652,0.005747126436781589,True
depth_x20_y0,expanding,individual_1,32,0.7263997395833334,0.0027669270833332593,0.0013997395833333925,0.0019306752873564036,True
depth_x20_y0,expanding,individual_1,64,0.7252604166666666,0.0011393229166667407,0.00026041666666665186,0.0003591954022988302,True
depth_x20_y0,expanding,individual_1,128,0.7249825795491537,0.0002778371175129468,1.7420450846294955e-05,2.402820806385511e-05,True
depth_x20_y0,expanding,individual_1,256,0.7249972025553385,1.4623006184821818e-05,2.7974446614731363e-06,3.858544360652602e-06,True
depth_x20_y0,expanding,individual_1,512,0.7250002895792326,3.087023894066121e-06,2.895792325929847e-07,3.994196311627375e-07,True
depth_x20_y0,expanding,individual_1,1024,0.7250000486771265,2.4090210604121864e-07,4.867712655176604e-08,6.714086420933247e-08,True
depth_x20_y0,expanding,individual_1,2048,0.7249999955432335,5.313389306316196e-08,4.4567665113959265e-09,6.147264153649554e-09,True
depth_x20_y0,expanding,union,16,0.7291666666666666,,0.004166666666666652,0.005747126436781589,True
depth_x20_y0,expanding,union,32,0.7263997395833334,0.0027669270833332593,0.0013997395833333925,0.0019306752873564036,True
depth_x20_y0,expanding,union,64,0.7252604166666666,0.0011393229166667407,0.00026041666666665186,0.0003591954022988302,True
depth_x20_y0,expanding,union,128,0.7249825795491537,0.0002778371175129468,1.7420450846294955e-05,2.402820806385511e-05,True
depth_x20_y0,expanding,union,256,0.7249972025553385,1.4623006184821818e-05,2.7974446614731363e-06,3.858544360652602e-06,True
depth_x20_y0,expanding,union,512,0.7250002895792326,3.087023894066121e-06,2.895792325929847e-07,3.994196311627375e-07,True
depth_x20_y0,expanding,union,1024,0.7250000486771265,2.4090210604121864e-07,4.867712655176604e-08,6.714086420933247e-08,True
depth_x20_y0,expanding,union,2048,0.7249999955432335,5.313389306316196e-08,4.4567665113959265e-09,6.147264153649554e-09,True
depth_x20_y0,expanding,maximum,16,0.7291666666666666,,0.004166666666666652,0.005747126436781589,True
depth_x20_y0,expanding,maximum,32,0.7263997395833334,0.0027669270833332593,0.0013997395833333925,0.0019306752873564036,True
depth_x20_y0,expanding,maximum,64,0.7252604166666666,0.0011393229166667407,0.00026041666666665186,0.0003591954022988302,True
depth_x20_y0,expanding,maximum,128,0.7249825795491537,0.0002778371175129468,1.7420450846294955e-05,2.402820806385511e-05,True
depth_x20_y0,expanding,maximum,256,0.7249972025553385,1.4623006184821818e-05,2.7974446614731363e-06,3.858544360652602e-06,True
depth_x20_y0,expanding,maximum,512,0.7250002895792326,3.087023894066121e-06,2.895792325929847e-07,3.994196311627375e-07,True
depth_x20_y0,expanding,maximum,1024,0.7250000486771265,2.4090210604121864e-07,4.867712655176604e-08,6.714086420933247e-08,True
depth_x20_y0,expanding,maximum,2048,0.7249999955432335,5.313389306316196e-08,4.4567665113959265e-09,6.147264153649554e-09,True
depth_x20_y0,constant_width,individual_1,16,0.7291666666666666,,0.004166666666666652,0.005747126436781589,True
depth_x20_y0,constant_width,individual_1,32,0.7263997395833334,0.0027669270833332593,0.0013997395833333925,0.0019306752873564036,True
depth_x20_y0,constant_width,individual_1,64,0.7252604166666666,0.0011393229166667407,0.00026041666666665186,0.0003591954022988302,True
depth_x20_y0,constant_width,individual_1,128,0.7249825795491537,0.0002778371175129468,1.7420450846294955e-05,2.402820806385511e-05,True
depth_x20_y0,constant_width,individual_1,256,0.7249972025553385,1.4623006184821818e-05,2.7974446614731363e-06,3.858544360652602e-06,True
depth_x20_y0,constant_width,individual_1,512,0.7250002895792326,3.087023894066121e-06,2.895792325929847e-07,3.994196311627375e-07,True
depth_x20_y0,constant_width,individual_1,1024,0.7250000486771265,2.4090210604121864e-07,4.867712655176604e-08,6.714086420933247e-08,True
depth_x20_y0,constant_width,individual_1,2048,0.7249999955432335,5.313389306316196e-08,4.4567665113959265e-09,6.147264153649554e-09,True
depth_x20_y0,constant_width,union,16,0.7291666666666666,,0.004166666666666652,0.005747126436781589,True
depth_x20_y0,constant_width,union,32,0.7263997395833334,0.0027669270833332593,0.0013997395833333925,0.0019306752873564036,True
depth_x20_y0,constant_width,union,64,0.7252604166666666,0.0011393229166667407,0.00026041666666665186,0.0003591954022988302,True
depth_x20_y0,constant_width,union,128,0.7249825795491537,0.0002778371175129468,1.7420450846294955e-05,2.402820806385511e-05,True
depth_x20_y0,constant_width,union,256,0.7249972025553385,1.4623006184821818e-05,2.7974446614731363e-06,3.858544360652602e-06,True
depth_x20_y0,constant_width,union,512,0.7250002895792326,3.087023894066121e-06,2.895792325929847e-07,3.994196311627375e-07,True
depth_x20_y0,constant_width,union,1024,0.7250000486771265,2.4090210604121864e-07,4.867712655176604e-08,6.714086420933247e-08,True
depth_x20_y0,constant_width,union,2048,0.7249999955432335,5.313389306316196e-08,4.4567665113959265e-09,6.147264153649554e-09,True
depth_x20_y0,constant_width,maximum,16,0.7291666666666666,,0.004166666666666652,0.005747126436781589,True
depth_x20_y0,constant_width,maximum,32,0.7263997395833334,0.0027669270833332593,0.0013997395833333925,0.0019306752873564036,True
depth_x20_y0,constant_width,maximum,64,0.7252604166666666,0.0011393229166667407,0.00026041666666665186,0.0003591954022988302,True
depth_x20_y0,constant_width,maximum,128,0.7249825795491537,0.0002778371175129468,1.7420450846294955e-05,2.402820806385511e-05,True
depth_x20_y0,constant_width,maximum,256,0.7249972025553385,1.4623006184821818e-05,2.7974446614731363e-06,3.858544360652602e-06,True
depth_x20_y0,constant_width,maximum,512,0.7250002895792326,3.087023894066121e-06,2.895792325929847e-07,3.994196311627375e-07,True
depth_x20_y0,constant_width,maximum,1024,0.7250000486771265,2.4090210604121864e-07,4.867712655176604e-08,6.714086420933247e-08,True
depth_x20_y0,constant_width,maximum,2048,0.7249999955432335,5.313389306316196e-08,4.4567665113959265e-09,6.147264153649554e-09,True
depth_x20_y2,isotropic,individual_1,16,0.24023140115739142,,3.339996862530836e-05,0.00013901315743620048,True
depth_x20_y2,isotropic,individual_1,32,0.24026286996976068,3.146881236926191e-05,1.9311562560464512e-06,8.037616192617316e-06,True
depth_x20_y2,isotropic,individual_1,64,0.24026468308592921,1.8131161685364106e-06,1.1804008751004069e-07,4.912916372137662e-07,True
depth_x20_y2,isotropic,individual_1,128,0.24026479379153376,1.107056045446253e-07,7.33448296541539e-09,3.0526664459554024e-08,True
depth_x20_y2,isotropic,individual_1,256,0.24026480066828845,6.876754693463383e-09,4.5772827195200705e-10,1.9050991647833286e-09,True
depth_x20_y2,isotropic,individual_1,512,0.24026480109741932,4.291308697279561e-10,2.859740222405094e-11,1.1902451832323062e-10,True
depth_x20_y2,isotropic,individual_1,1024,0.24026480112422957,2.6810248465736208e-11,1.7871537583147301e-12,7.438267070079e-12,True
depth_x20_y2,isotropic,individual_1,2048,0.24026480112590506,1.675493077613055e-12,1.1166068070167512e-13,4.647400708650207e-13,True
depth_x20_y2,isotropic,union,16,0.24023140115739142,,3.339996862530836e-05,0.00013901315743620048,True
depth_x20_y2,isotropic,union,32,0.24026286996976068,3.146881236926191e-05,1.9311562560464512e-06,8.037616192617316e-06,True
depth_x20_y2,isotropic,union,64,0.24026468308592921,1.8131161685364106e-06,1.1804008751004069e-07,4.912916372137662e-07,True
depth_x20_y2,isotropic,union,128,0.24026479379153376,1.107056045446253e-07,7.33448296541539e-09,3.0526664459554024e-08,True
depth_x20_y2,isotropic,union,256,0.24026480066828845,6.876754693463383e-09,4.5772827195200705e-10,1.9050991647833286e-09,True
depth_x20_y2,isotropic,union,512,0.24026480109741932,4.291308697279561e-10,2.859740222405094e-11,1.1902451832323062e-10,True
depth_x20_y2,isotropic,union,1024,0.24026480112422957,2.6810248465736208e-11,1.7871537583147301e-12,7.438267070079e-12,True
depth_x20_y2,isotropic,union,2048,0.24026480112590506,1.675493077613055e-12,1.1166068070167512e-13,4.647400708650207e-13,True
depth_x20_y2,isotropic,maximum,16,0.24023140115739142,,3.339996862530836e-05,0.00013901315743620048,True
depth_x20_y2,isotropic,maximum,32,0.24026286996976068,3.146881236926191e-05,1.9311562560464512e-06,8.037616192617316e-06,True
depth_x20_y2,isotropic,maximum,64,0.24026468308592921,1.8131161685364106e-06,1.1804008751004069e-07,4.912916372137662e-07,True
depth_x20_y2,isotropic,maximum,128,0.24026479379153376,1.107056045446253e-07,7.33448296541539e-09,3.0526664459554024e-08,True
depth_x20_y2,isotropic,maximum,256,0.24026480066828845,6.876754693463383e-09,4.5772827195200705e-10,1.9050991647833286e-09,True
depth_x20_y2,isotropic,maximum,512,0.24026480109741932,4.291308697279561e-10,2.859740222405094e-11,1.1902451832323062e-10,True
depth_x20_y2,isotropic,maximum,1024,0.24026480112422957,2.6810248465736208e-11,1.7871537583147301e-12,7.438267070079e-12,True
depth_x20_y2,isotropic,maximum,2048,0.24026480112590506,1.675493077613055e-12,1.1166068070167512e-13,4.647400708650207e-13,True
depth_x20_y2,expanding,individual_1,16,0.6806991160905042,,0.003988436041529098,0.005893857093020086,True
depth_x20_y2,expanding,individual_1,32,0.6780719079981616,0.0026272080923425145,0.001361227949186583,0.002011536080807928,True
depth_x20_y2,expanding,individual_1,64,0.6769616620074377,0.001110245990723957,0.00025098195846262605,0.0003708851742142771,True
depth_x20_y2,expanding,individual_1,128,0.6766939500952655,0.00026771191217223045,1.6729953709604395e-05,2.472246146372865e-05,True
depth_x20_y2,expanding,individual_1,256,0.6767079877090514,1.4037613785933267e-05,2.6923399236711276e-06,3.978568689763071e-06,True
depth_x20_y2,expanding,individual_1,512,0.6767109590019224,2.9712928709679787e-06,2.7895294729685105e-07,4.1221892238594874e-07,True
depth_x20_y2,expanding,individual_1,1024,0.676710726914282,2.3208764032833784e-07,4.686530696851321e-08,6.925456971526069e-08,True
depth_x20_y2,expanding,individual_1,2048,0.6767106757590642,5.1155217839493616e-08,4.289910870980407e-09,6.339357420323167e-09,True
depth_x20_y2,expanding,union,16,0.6806991160905042,,0.003988436041529098,0.005893857093020086,True
depth_x20_y2,expanding,union,32,0.6780719079981616,0.0026272080923425145,0.001361227949186583,0.002011536080807928,True
depth_x20_y2,expanding,union,64,0.6769616620074377,0.001110245990723957,0.00025098195846262605,0.0003708851742142771,True
depth_x20_y2,expanding,union,128,0.6766939500952655,0.00026771191217223045,1.6729953709604395e-05,2.472246146372865e-05,True
depth_x20_y2,expanding,union,256,0.6767079877090514,1.4037613785933267e-05,2.6923399236711276e-06,3.978568689763071e-06,True
depth_x20_y2,expanding,union,512,0.6767109590019224,2.9712928709679787e-06,2.7895294729685105e-07,4.1221892238594874e-07,True
depth_x20_y2,expanding,union,1024,0.676710726914282,2.3208764032833784e-07,4.686530696851321e-08,6.925456971526069e-08,True
depth_x20_y2,expanding,union,2048,0.6767106757590642,5.1155217839493616e-08,4.289910870980407e-09,6.339357420323167e-09,True
depth_x20_y2,expanding,maximum,16,0.6806991160905042,,0.003988436041529098,0.005893857093020086,True
depth_x20_y2,expanding,maximum,32,0.6780719079981616,0.0026272080923425145,0.001361227949186583,0.002011536080807928,True
depth_x20_y2,expanding,maximum,64,0.6769616620074377,0.001110245990723957,0.00025098195846262605,0.0003708851742142771,True
depth_x20_y2,expanding,maximum,128,0.6766939500952655,0.00026771191217223045,1.6729953709604395e-05,2.472246146372865e-05,True
depth_x20_y2,expanding,maximum,256,0.6767079877090514,1.4037613785933267e-05,2.6923399236711276e-06,3.978568689763071e-06,True
depth_x20_y2,expanding,maximum,512,0.6767109590019224,2.9712928709679787e-06,2.7895294729685105e-07,4.1221892238594874e-07,True
depth_x20_y2,expanding,maximum,1024,0.676710726914282,2.3208764032833784e-07,4.686530696851321e-08,6.925456971526069e-08,True
depth_x20_y2,expanding,maximum,2048,0.6767106757590642,5.1155217839493616e-08,4.289910870980407e-09,6.339357420323167e-09,True
depth_x20_y2,constant_width,individual_1,16,0.5880120084988153,,0.003943889811730439,0.006752448362694116,True
depth_x20_y2,constant_width,individual_1,32,0.5854357991571464,0.0025762093416689114,0.0013676804700615275,0.00234164547987298,True
depth_x20_y2,constant_width,individual_1,64,0.5843175437807274,0.001118255376418964,0.0002494250936425635,0.00042704795153558666,True
depth_x20_y2,constant_width,individual_1,128,0.5840515439197895,0.0002659998609378933,1.6574767295329806e-05,2.8378140776777712e-05,True
depth_x20_y2,constant_width,individual_1,256,0.5840654452775457,1.3901357756140875e-05,2.673409539188931e-06,4.577222165795379e-06,True
depth_x20_y2,constant_width,individual_1,512,0.5840683958669423,2.9505893965886543e-06,2.7717985739972306e-07,4.745676891640485e-07,True
depth_x20_y2,constant_width,individual_1,1024,0.5840681652267651,2.3064017717899787e-07,4.653968022072519e-08,7.968193902680531e-08,True
depth_x20_y2,constant_width,individual_1,2048,0.5840681144277332,5.079903186988588e-08,4.259351649160692e-09,7.292559742406766e-09,True
depth_x20_y2,constant_width,union,16,0.5880120084988153,,0.003943889811730439,0.006752448362694116,True
depth_x20_y2,constant_width,union,32,0.5854357991571464,0.0025762093416689114,0.0013676804700615275,0.00234164547987298,True
depth_x20_y2,constant_width,union,64,0.5843175437807274,0.001118255376418964,0.0002494250936425635,0.00042704795153558666,True
depth_x20_y2,constant_width,union,128,0.5840515439197895,0.0002659998609378933,1.6574767295329806e-05,2.8378140776777712e-05,True
depth_x20_y2,constant_width,union,256,0.5840654452775457,1.3901357756140875e-05,2.673409539188931e-06,4.577222165795379e-06,True
depth_x20_y2,constant_width,union,512,0.5840683958669423,2.9505893965886543e-06,2.7717985739972306e-07,4.745676891640485e-07,True
depth_x20_y2,constant_width,union,1024,0.5840681652267651,2.3064017717899787e-07,4.653968022072519e-08,7.968193902680531e-08,True
depth_x20_y2,constant_width,union,2048,0.5840681144277332,5.079903186988588e-08,4.259351649160692e-09,7.292559742406766e-09,True
depth_x20_y2,constant_width,maximum,16,0.5880120084988153,,0.003943889811730439,0.006752448362694116,True
depth_x20_y2,constant_width,maximum,32,0.5854357991571464,0.0025762093416689114,0.0013676804700615275,0.00234164547987298,True
depth_x20_y2,constant_width,maximum,64,0.5843175437807274,0.001118255376418964,0.0002494250936425635,0.00042704795153558666,True
depth_x20_y2,constant_width,maximum,128,0.5840515439197895,0.0002659998609378933,1.6574767295329806e-05,2.8378140776777712e-05,True
depth_x20_y2,constant_width,maximum,256,0.5840654452775457,1.3901357756140875e-05,2.673409539188931e-06,4.577222165795379e-06,True
depth_x20_y2,constant_width,maximum,512,0.5840683958669423,2.9505893965886543e-06,2.7717985739972306e-07,4.745676891640485e-07,True
depth_x20_y2,constant_width,maximum,1024,0.5840681652267651,2.3064017717899787e-07,4.653968022072519e-08,7.968193902680531e-08,True
depth_x20_y2,constant_width,maximum,2048,0.5840681144277332,5.079903186988588e-08,4.259351649160692e-09,7.292559742406766e-09,True
depth_x40_y0,isotropic,individual_1,16,0.12079209305736037,,0.0037610545401103312,0.030196382930965826,True
depth_x40_y0,isotropic,individual_1,32,0.12453640810267293,0.0037443150453125573,1.6739494797773924e-05,0.00013439640122040443,True
depth_x40_y0,isotropic,individual_1,64,0.12455217444262355,1.5766339950623598e-05,9.73154847150326e-07,7.813169445507355e-06,True
depth_x40_y0,isotropic,individual_1,128,0.12455308804917516,9.136065516057723e-07,5.954829554455365e-08,4.780954692289359e-07,True
depth_x40_y0,isotropic,individual_1,256,0.12455314389639781,5.584722265195019e-08,3.701072892603463e-09,2.9714808208336445e-08,True
depth_x40_y0,isotropic,individual_1,512,0.12455314736647953,3.4700817219679436e-09,2.3099117063551944e-10,1.8545590785231202e-09,True
depth_x40_y0,isotropic,individual_1,1024,0.12455314758303887,2.165593399050536e-10,1.4431830730465833e-11,1.1586885605738719e-10,True
depth_x40_y0,isotropic,individual_1,2048,0.12455314759656881,1.3529941056411587e-11,9.018896740542459e-13,7.241002667945106e-12,True
depth_x40_y0,isotropic,union,16,0.12079209305736037,,0.0037610545401103312,0.030196382930965826,True
depth_x40_y0,isotropic,union,32,0.12453640810267293,0.0037443150453125573,1.6739494797773924e-05,0.00013439640122040443,True
depth_x40_y0,isotropic,union,64,0.12455217444262355,1.5766339950623598e-05,9.73154847150326e-07,7.813169445507355e-06,True
depth_x40_y0,isotropic,union,128,0.12455308804917516,9.136065516057723e-07,5.954829554455365e-08,4.780954692289359e-07,True
depth_x40_y0,isotropic,union,256,0.12455314389639781,5.584722265195019e-08,3.701072892603463e-09,2.9714808208336445e-08,True
depth_x40_y0,isotropic,union,512,0.12455314736647953,3.4700817219679436e-09,2.3099117063551944e-10,1.8545590785231202e-09,True
depth_x40_y0,isotropic,union,1024,0.12455314758303887,2.165593399050536e-10,1.4431830730465833e-11,1.1586885605738719e-10,True
depth_x40_y0,isotropic,union,2048,0.12455314759656881,1.3529941056411587e-11,9.018896740542459e-13,7.241002667945106e-12,True
depth_x40_y0,isotropic,maximum,16,0.12079209305736037,,0.0037610545401103312,0.030196382930965826,True
depth_x40_y0,isotropic,maximum,32,0.12453640810267293,0.0037443150453125573,1.6739494797773924e-05,0.00013439640122040443,True
depth_x40_y0,isotropic,maximum,64,0.12455217444262355,1.5766339950623598e-05,9.73154847150326e-07,7.813169445507355e-06,True
depth_x40_y0,isotropic,maximum,128,0.12455308804917516,9.136065516057723e-07,5.954829554455365e-08,4.780954692289359e-07,True
depth_x40_y0,isotropic,maximum,256,0.12455314389639781,5.584722265195019e-08,3.701072892603463e-09,2.9714808208336445e-08,True
depth_x40_y0,isotropic,maximum,512,0.12455314736647953,3.4700817219679436e-09,2.3099117063551944e-10,1.8545590785231202e-09,True
depth_x40_y0,isotropic,maximum,1024,0.12455314758303887,2.165593399050536e-10,1.4431830730465833e-11,1.1586885605738719e-10,True
depth_x40_y0,isotropic,maximum,2048,0.12455314759656881,1.3529941056411587e-11,9.018896740542459e-13,7.241002667945106e-12,True
depth_x40_y0,expanding,individual_1,16,0.8541666666666666,,0.008333333333333304,0.009661835748792237,True
depth_x40_y0,expanding,individual_1,32,0.8645833333333334,0.01041666666666674,0.002083333333333437,0.002415458937198188,True
depth_x40_y0,expanding,individual_1,64,0.8631998697916666,0.0013834635416667407,0.0006998697916666963,0.0008114432367150102,True
depth_x40_y0,expanding,individual_1,128,0.8626302083333334,0.0005696614583332593,0.00013020833333343695,0.00015096618357499938,True
depth_x40_y0,expanding,individual_1,256,0.8624912897745768,0.00013891855875658443,8.710225423147477e-06,1.009881208480867e-05,True
depth_x40_y0,expanding,individual_1,512,0.8624986012776693,7.3115030925219315e-06,1.3987223306255459e-06,1.621707050000633e-06,True
depth_x40_y0,expanding,individual_1,1024,0.8625001447896162,1.5435119469220382e-06,1.4478961629649234e-07,1.678720188944839e-07,True
depth_x40_y0,expanding,individual_1,2048,0.8625000243385633,1.2045105290958702e-07,2.433856338690532e-08,2.8218624216701824e-08,True
depth_x40_y0,expanding,union,16,0.8541666666666666,,0.008333333333333304,0.009661835748792237,True
depth_x40_y0,expanding,union,32,0.8645833333333334,0.01041666666666674,0.002083333333333437,0.002415458937198188,True
depth_x40_y0,expanding,union,64,0.8631998697916666,0.0013834635416667407,0.0006998697916666963,0.0008114432367150102,True
depth_x40_y0,expanding,union,128,0.8626302083333334,0.0005696614583332593,0.00013020833333343695,0.00015096618357499938,True
depth_x40_y0,expanding,union,256,0.8624912897745768,0.00013891855875658443,8.710225423147477e-06,1.009881208480867e-05,True
depth_x40_y0,expanding,union,512,0.8624986012776693,7.3115030925219315e-06,1.3987223306255459e-06,1.621707050000633e-06,True
depth_x40_y0,expanding,union,1024,0.8625001447896162,1.5435119469220382e-06,1.4478961629649234e-07,1.678720188944839e-07,True
depth_x40_y0,expanding,union,2048,0.8625000243385633,1.2045105290958702e-07,2.433856338690532e-08,2.8218624216701824e-08,True
depth_x40_y0,expanding,maximum,16,0.8541666666666666,,0.008333333333333304,0.009661835748792237,True
depth_x40_y0,expanding,maximum,32,0.8645833333333334,0.01041666666666674,0.002083333333333437,0.002415458937198188,True
depth_x40_y0,expanding,maximum,64,0.8631998697916666,0.0013834635416667407,0.0006998697916666963,0.0008114432367150102,True
depth_x40_y0,expanding,maximum,128,0.8626302083333334,0.0005696614583332593,0.00013020833333343695,0.00015096618357499938,True
depth_x40_y0,expanding,maximum,256,0.8624912897745768,0.00013891855875658443,8.710225423147477e-06,1.009881208480867e-05,True
depth_x40_y0,expanding,maximum,512,0.8624986012776693,7.3115030925219315e-06,1.3987223306255459e-06,1.621707050000633e-06,True
depth_x40_y0,expanding,maximum,1024,0.8625001447896162,1.5435119469220382e-06,1.4478961629649234e-07,1.678720188944839e-07,True
depth_x40_y0,expanding,maximum,2048,0.8625000243385633,1.2045105290958702e-07,2.433856338690532e-08,2.8218624216701824e-08,True
depth_x40_y0,constant_width,individual_1,16,0.8541666666666666,,0.008333333333333304,0.009661835748792237,True
depth_x40_y0,constant_width,individual_1,32,0.8645833333333334,0.01041666666666674,0.002083333333333437,0.002415458937198188,True
depth_x40_y0,constant_width,individual_1,64,0.8631998697916666,0.0013834635416667407,0.0006998697916666963,0.0008114432367150102,True
depth_x40_y0,constant_width,individual_1,128,0.8626302083333334,0.0005696614583332593,0.00013020833333343695,0.00015096618357499938,True
depth_x40_y0,constant_width,individual_1,256,0.8624912897745768,0.00013891855875658443,8.710225423147477e-06,1.009881208480867e-05,True
depth_x40_y0,constant_width,individual_1,512,0.8624986012776693,7.3115030925219315e-06,1.3987223306255459e-06,1.621707050000633e-06,True
depth_x40_y0,constant_width,individual_1,1024,0.8625001447896162,1.5435119469220382e-06,1.4478961629649234e-07,1.678720188944839e-07,True
depth_x40_y0,constant_width,individual_1,2048,0.8625000243385633,1.2045105290958702e-07,2.433856338690532e-08,2.8218624216701824e-08,True
depth_x40_y0,constant_width,union,16,0.8541666666666666,,0.008333333333333304,0.009661835748792237,True
depth_x40_y0,constant_width,union,32,0.8645833333333334,0.01041666666666674,0.002083333333333437,0.002415458937198188,True
depth_x40_y0,constant_width,union,64,0.8631998697916666,0.0013834635416667407,0.0006998697916666963,0.0008114432367150102,True
depth_x40_y0,constant_width,union,128,0.8626302083333334,0.0005696614583332593,0.00013020833333343695,0.00015096618357499938,True
depth_x40_y0,constant_width,union,256,0.8624912897745768,0.00013891855875658443,8.710225423147477e-06,1.009881208480867e-05,True
depth_x40_y0,constant_width,union,512,0.8624986012776693,7.3115030925219315e-06,1.3987223306255459e-06,1.621707050000633e-06,True
depth_x40_y0,constant_width,union,1024,0.8625001447896162,1.5435119469220382e-06,1.4478961629649234e-07,1.678720188944839e-07,True
depth_x40_y0,constant_width,union,2048,0.8625000243385633,1.2045105290958702e-07,2.433856338690532e-08,2.8218624216701824e-08,True
depth_x40_y0,constant_width,maximum,16,0.8541666666666666,,0.008333333333333304,0.009661835748792237,True
depth_x40_y0,constant_width,maximum,32,0.8645833333333334,0.01041666666666674,0.002083333333333437,0.002415458937198188,True
depth_x40_y0,constant_width,maximum,64,0.8631998697916666,0.0013834635416667407,0.0006998697916666963,0.0008114432367150102,True
depth_x40_y0,constant_width,maximum,128,0.8626302083333334,0.0005696614583332593,0.00013020833333343695,0.00015096618357499938,True
depth_x40_y0,constant_width,maximum,256,0.8624912897745768,0.00013891855875658443,8.710225423147477e-06,1.009881208480867e-05,True
depth_x40_y0,constant_width,maximum,512,0.8624986012776693,7.3115030925219315e-06,1.3987223306255459e-06,1.621707050000633e-06,True
depth_x40_y0,constant_width,maximum,1024,0.8625001447896162,1.5435119469220382e-06,1.4478961629649234e-07,1.678720188944839e-07,True
depth_x40_y0,constant_width,maximum,2048,0.8625000243385633,1.2045105290958702e-07,2.433856338690532e-08,2.8218624216701824e-08,True
depth_x40_y2,isotropic,individual_1,16,0.11966875639052786,,0.0037565077243036926,0.030435484592593123,True
depth_x40_y2,isotropic,individual_1,32,0.12340853421743313,0.003739777826905266,1.6729897398426452e-05,0.00013554678224436616,True
depth_x40_y2,isotropic,individual_1,64,0.12342429285345241,1.5758636019283512e-05,9.712613791429403e-07,7.869226662049553e-06,True
depth_x40_y2,isotropic,individual_1,128,0.12342520469858494,9.118451325257348e-07,5.941624661720546e-08,4.813945268282042e-07,True
depth_x40_y2,isotropic,individual_1,256,0.12342526042221624,5.5723631306459076e-08,3.6926153107463833e-09,2.991782385258559e-08,True
depth_x40_y2,isotropic,individual_1,512,0.1234252638843721,3.4621558536729324e-09,2.3045945707345084e-10,1.8671984113320392e-09,True
depth_x40_y2,isotropic,individual_1,1024,0.12342526410043296,2.1606086364478472e-10,1.4398593428666118e-11,1.1665839673853202e-10,True
depth_x40_y2,isotropic,individual_1,2048,0.12342526411393169,1.3498729911631813e-11,8.99863517034305e-13,7.29075626038034e-12,True
depth_x40_y2,isotropic,union,16,0.11966875639052786,,0.0037565077243036926,0.030435484592593123,True
depth_x40_y2,isotropic,union,32,0.12340853421743313,0.003739777826905266,1.6729897398426452e-05,0.00013554678224436616,True
depth_x40_y2,isotropic,union,64,0.12342429285345241,1.5758636019283512e-05,9.712613791429403e-07,7.869226662049553e-06,True
depth_x40_y2,isotropic,union,128,0.12342520469858494,9.118451325257348e-07,5.941624661720546e-08,4.813945268282042e-07,True
depth_x40_y2,isotropic,union,256,0.12342526042221624,5.5723631306459076e-08,3.6926153107463833e-09,2.991782385258559e-08,True
depth_x40_y2,isotropic,union,512,0.1234252638843721,3.4621558536729324e-09,2.3045945707345084e-10,1.8671984113320392e-09,True
depth_x40_y2,isotropic,union,1024,0.12342526410043296,2.1606086364478472e-10,1.4398593428666118e-11,1.1665839673853202e-10,True
depth_x40_y2,isotropic,union,2048,0.12342526411393169,1.3498729911631813e-11,8.99863517034305e-13,7.29075626038034e-12,True
depth_x40_y2,isotropic,maximum,16,0.11966875639052786,,0.0037565077243036926,0.030435484592593123,True
depth_x40_y2,isotropic,maximum,32,0.12340853421743313,0.003739777826905266,1.6729897398426452e-05,0.00013554678224436616,True
depth_x40_y2,isotropic,maximum,64,0.12342429285345241,1.5758636019283512e-05,9.712613791429403e-07,7.869226662049553e-06,True
depth_x40_y2,isotropic,maximum,128,0.12342520469858494,9.118451325257348e-07,5.941624661720546e-08,4.813945268282042e-07,True
depth_x40_y2,isotropic,maximum,256,0.12342526042221624,5.5723631306459076e-08,3.6926153107463833e-09,2.991782385258559e-08,True
depth_x40_y2,isotropic,maximum,512,0.1234252638843721,3.4621558536729324e-09,2.3045945707345084e-10,1.8671984113320392e-09,True
depth_x40_y2,isotropic,maximum,1024,0.12342526410043296,2.1606086364478472e-10,1.4398593428666118e-11,1.1665839673853202e-10,True
depth_x40_y2,isotropic,maximum,2048,0.12342526411393169,1.3498729911631813e-11,8.99863517034305e-13,7.29075626038034e-12,True
depth_x40_y2,expanding,individual_1,16,0.8346435750248228,,0.00827494573302412,0.009817017338264586,True
depth_x40_y2,expanding,individual_1,32,0.8449792316654605,0.010335656640637736,0.0020607109076136165,0.002444733217821437,True
depth_x40_y2,expanding,individual_1,64,0.8436135307706117,0.0013657008948487759,0.0006950100127648406,0.000824528107580285,True
depth_x40_y2,expanding,individual_1,128,0.8430475331863813,0.0005659975842304821,0.00012901242853435857,0.00015305444756198586,True
depth_x40_y2,expanding,individual_1,256,0.8429098981350243,0.00013763505135699905,8.62262282264048e-06,1.0229485543736891e-05,True
depth_x40_y2,expanding,individual_1,512,0.8429171353617776,7.237226753331605e-06,1.3853960693088752e-06,1.6435705648789165e-06,True
depth_x40_y2,expanding,individual_1,1024,0.8429186642004374,1.528838659781151e-06,1.434425904722758e-07,1.701737320272785e-07,True
depth_x40_y2,expanding,individual_1,2048,0.842918544866697,1.1933374033379351e-07,2.4108850138482296e-08,2.8601637696614653e-08,True
depth_x40_y2,expanding,union,16,0.8346435750248228,,0.00827494573302412,0.009817017338264586,True
depth_x40_y2,expanding,union,32,0.8449792316654605,0.010335656640637736,0.0020607109076136165,0.002444733217821437,True
depth_x40_y2,expanding,union,64,0.8436135307706117,0.0013657008948487759,0.0006950100127648406,0.000824528107580285,True
depth_x40_y2,expanding,union,128,0.8430475331863813,0.0005659975842304821,0.00012901242853435857,0.00015305444756198586,True
depth_x40_y2,expanding,union,256,0.8429098981350243,0.00013763505135699905,8.62262282264048e-06,1.0229485543736891e-05,True
depth_x40_y2,expanding,union,512,0.8429171353617776,7.237226753331605e-06,1.3853960693088752e-06,1.6435705648789165e-06,True
depth_x40_y2,expanding,union,1024,0.8429186642004374,1.528838659781151e-06,1.434425904722758e-07,1.701737320272785e-07,True
depth_x40_y2,expanding,union,2048,0.842918544866697,1.1933374033379351e-07,2.4108850138482296e-08,2.8601637696614653e-08,True
depth_x40_y2,expanding,maximum,16,0.8346435750248228,,0.00827494573302412,0.009817017338264586,True
depth_x40_y2,expanding,maximum,32,0.8449792316654605,0.010335656640637736,0.0020607109076136165,0.002444733217821437,True
depth_x40_y2,expanding,maximum,64,0.8436135307706117,0.0013657008948487759,0.0006950100127648406,0.000824528107580285,True
depth_x40_y2,expanding,maximum,128,0.8430475331863813,0.0005659975842304821,0.00012901242853435857,0.00015305444756198586,True
depth_x40_y2,expanding,maximum,256,0.8429098981350243,0.00013763505135699905,8.62262282264048e-06,1.0229485543736891e-05,True
depth_x40_y2,expanding,maximum,512,0.8429171353617776,7.237226753331605e-06,1.3853960693088752e-06,1.6435705648789165e-06,True
depth_x40_y2,expanding,maximum,1024,0.8429186642004374,1.528838659781151e-06,1.434425904722758e-07,1.701737320272785e-07,True
depth_x40_y2,expanding,maximum,2048,0.842918544866697,1.1933374033379351e-07,2.4108850138482296e-08,2.8601637696614653e-08,True
depth_x40_y2,constant_width,individual_1,16,0.7102780156818213,,0.008280546666678212,0.01152382992920508,True
depth_x40_y2,constant_width,individual_1,32,0.7206135521465352,0.010335536464713968,0.0020549897980357557,0.0028598779636267,True
depth_x40_y2,constant_width,individual_1,64,0.7192544093553589,0.0013591427911763265,0.0006958470068594291,0.0009683928956119581,True
depth_x40_y2,constant_width,individual_1,128,0.7186873736763837,0.0005670356789752029,0.00012881132788422622,0.00017926350701775228,True
depth_x40_y2,constant_width,individual_1,256,0.7185499597220563,0.00013741395432742554,8.602626443199313e-06,1.1972060307907173e-05,True
depth_x40_y2,constant_width,individual_1,512,0.7185571793908845,7.2196688282177846e-06,1.3829576149815281e-06,1.9246275633562022e-06,True
depth_x40_y2,constant_width,individual_1,1024,0.7185587055624313,1.526171546806232e-06,1.4321393182470388e-07,1.99307251112047e-07,True
depth_x40_y2,constant_width,individual_1,2048,0.7185585864153499,1.1914708142324315e-07,2.4066850401460727e-08,3.349323445927898e-08,True
depth_x40_y2,constant_width,union,16,0.7102780156818213,,0.008280546666678212,0.01152382992920508,True
depth_x40_y2,constant_width,union,32,0.7206135521465352,0.010335536464713968,0.0020549897980357557,0.0028598779636267,True
depth_x40_y2,constant_width,union,64,0.7192544093553589,0.0013591427911763265,0.0006958470068594291,0.0009683928956119581,True
depth_x40_y2,constant_width,union,128,0.7186873736763837,0.0005670356789752029,0.00012881132788422622,0.00017926350701775228,True
depth_x40_y2,constant_width,union,256,0.7185499597220563,0.00013741395432742554,8.602626443199313e-06,1.1972060307907173e-05,True
depth_x40_y2,constant_width,union,512,0.7185571793908845,7.2196688282177846e-06,1.3829576149815281e-06,1.9246275633562022e-06,True
depth_x40_y2,constant_width,union,1024,0.7185587055624313,1.526171546806232e-06,1.4321393182470388e-07,1.99307251112047e-07,True
depth_x40_y2,constant_width,union,2048,0.7185585864153499,1.1914708142324315e-07,2.4066850401460727e-08,3.349323445927898e-08,True
depth_x40_y2,constant_width,maximum,16,0.7102780156818213,,0.008280546666678212,0.01152382992920508,True
depth_x40_y2,constant_width,maximum,32,0.7206135521465352,0.010335536464713968,0.0020549897980357557,0.0028598779636267,True
depth_x40_y2,constant_width,maximum,64,0.7192544093553589,0.0013591427911763265,0.0006958470068594291,0.0009683928956119581,True
depth_x40_y2,constant_width,maximum,128,0.7186873736763837,0.0005670356789752029,0.00012881132788422622,0.00017926350701775228,True
depth_x40_y2,constant_width,maximum,256,0.7185499597220563,0.00013741395432742554,8.602626443199313e-06,1.1972060307907173e-05,True
depth_x40_y2,constant_width,maximum,512,0.7185571793908845,7.2196688282177846e-06,1.3829576149815281e-06,1.9246275633562022e-06,True
depth_x40_y2,constant_width,maximum,1024,0.7185587055624313,1.526171546806232e-06,1.4321393182470388e-07,1.99307251112047e-07,True
depth_x40_y2,constant_width,maximum,2048,0.7185585864153499,1.1914708142324315e-07,2.4066850401460727e-08,3.349323445927898e-08,True
equal_minimum_one,isotropic,individual_1,16,0.151070299529504,,2.0306033648997968e-05,0.00013439640124091257,True
equal_minimum_one,isotropic,individual_1,32,0.1510894250666496,1.912553714561449e-05,1.1804965033834769e-06,7.813169448778547e-06,True
equal_minimum_one,isotropic,individual_1,64,0.15109053332741898,1.1082607693779778e-06,7.22357340054991e-08,4.780954695115438e-07,True
equal_minimum_one,isotropic,individual_1,128,0.1510906010735246,6.774610561421923e-08,4.489628391279865e-09,2.9714808373067817e-08,True
equal_minimum_one,isotropic,individual_1,256,0.15109060528294652,4.209421922141132e-09,2.8020646913873293e-10,1.8545591772190758e-09,True
equal_minimum_one,isotropic,individual_1,512,0.15109060554564627,2.6269975084147745e-10,1.7506718297255475e-11,1.1586900609739102e-10,True
equal_minimum_one,isotropic,individual_1,1024,0.15109060556205892,1.6412649017638614e-11,1.0940692796168605e-12,7.241146963035769e-12,True
equal_minimum_one,isotropic,individual_1,2048,0.1510906055630846,1.0256795412999509e-12,6.838973831690964e-14,4.526405732639945e-13,True
equal_minimum_one,isotropic,union,16,0.151070299529504,,2.0306033648997968e-05,0.00013439640124091257,True
equal_minimum_one,isotropic,union,32,0.1510894250666496,1.912553714561449e-05,1.1804965033834769e-06,7.813169448778547e-06,True
equal_minimum_one,isotropic,union,64,0.15109053332741898,1.1082607693779778e-06,7.22357340054991e-08,4.780954695115438e-07,True
equal_minimum_one,isotropic,union,128,0.1510906010735246,6.774610561421923e-08,4.489628391279865e-09,2.9714808373067817e-08,True
equal_minimum_one,isotropic,union,256,0.15109060528294652,4.209421922141132e-09,2.8020646913873293e-10,1.8545591772190758e-09,True
equal_minimum_one,isotropic,union,512,0.15109060554564627,2.6269975084147745e-10,1.7506718297255475e-11,1.1586900609739102e-10,True
equal_minimum_one,isotropic,union,1024,0.15109060556205892,1.6412649017638614e-11,1.0940692796168605e-12,7.241146963035769e-12,True
equal_minimum_one,isotropic,union,2048,0.1510906055630846,1.0256795412999509e-12,6.838973831690964e-14,4.526405732639945e-13,True
equal_minimum_one,isotropic,maximum,16,0.151070299529504,,2.0306033648997968e-05,0.00013439640124091257,True
equal_minimum_one,isotropic,maximum,32,0.1510894250666496,1.912553714561449e-05,1.1804965033834769e-06,7.813169448778547e-06,True
equal_minimum_one,isotropic,maximum,64,0.15109053332741898,1.1082607693779778e-06,7.22357340054991e-08,4.780954695115438e-07,True
equal_minimum_one,isotropic,maximum,128,0.1510906010735246,6.774610561421923e-08,4.489628391279865e-09,2.9714808373067817e-08,True
equal_minimum_one,isotropic,maximum,256,0.15109060528294652,4.209421922141132e-09,2.8020646913873293e-10,1.8545591772190758e-09,True
equal_minimum_one,isotropic,maximum,512,0.15109060554564627,2.6269975084147745e-10,1.7506718297255475e-11,1.1586900609739102e-10,True
equal_minimum_one,isotropic,maximum,1024,0.15109060556205892,1.6412649017638614e-11,1.0940692796168605e-12,7.241146963035769e-12,True
equal_minimum_one,isotropic,maximum,2048,0.1510906055630846,1.0256795412999509e-12,6.838973831690964e-14,4.526405732639945e-13,True
equal_minimum_one,expanding,individual_1,16,0.1436346230399799,,0.010706993889910033,0.08054754273712558,True
equal_minimum_one,expanding,individual_1,32,0.13198039197798797,0.011654231061991926,0.000947237172081894,0.007125961533644009,True
equal_minimum_one,expanding,individual_1,64,0.1327839642263409,0.000803572248352924,0.00014366492372897,0.0010807754915028098,True
equal_minimum_one,expanding,individual_1,128,0.13293164973332036,0.00014768550697946692,4.020583250496923e-06,3.024640758436945e-05,True
equal_minimum_one,expanding,individual_1,256,0.1329285349893981,3.114743922255636e-06,9.058393282412869e-07,6.814530087034286e-06,True
equal_minimum_one,expanding,individual_1,512,0.13292715176046763,1.3832289304793743e-06,4.773896022380875e-07,3.5913497087887886e-06,True
equal_minimum_one,expanding,individual_1,1024,0.1329276799004085,5.281399408640919e-07,5.075033862600442e-08,3.8178924088617696e-07,True
equal_minimum_one,expanding,individual_1,2048,0.13292762911694314,5.0783465349590884e-08,3.312672358646296e-11,2.492087145334116e-10,True
equal_minimum_one,expanding,union,16,0.1436346230399799,,0.010706993889910033,0.08054754273712558,True
equal_minimum_one,expanding,union,32,0.13198039197798797,0.011654231061991926,0.000947237172081894,0.007125961533644009,True
equal_minimum_one,expanding,union,64,0.1327839642263409,0.000803572248352924,0.00014366492372897,0.0010807754915028098,True
equal_minimum_one,expanding,union,128,0.13293164973332036,0.00014768550697946692,4.020583250496923e-06,3.024640758436945e-05,True
equal_minimum_one,expanding,union,256,0.1329285349893981,3.114743922255636e-06,9.058393282412869e-07,6.814530087034286e-06,True
equal_minimum_one,expanding,union,512,0.13292715176046763,1.3832289304793743e-06,4.773896022380875e-07,3.5913497087887886e-06,True
equal_minimum_one,expanding,union,1024,0.1329276799004085,5.281399408640919e-07,5.075033862600442e-08,3.8178924088617696e-07,True
equal_minimum_one,expanding,union,2048,0.13292762911694314,5.0783465349590884e-08,3.312672358646296e-11,2.492087145334116e-10,True
equal_minimum_one,expanding,maximum,16,0.1436346230399799,,0.010706993889910033,0.08054754273712558,True
equal_minimum_one,expanding,maximum,32,0.13198039197798797,0.011654231061991926,0.000947237172081894,0.007125961533644009,True
equal_minimum_one,expanding,maximum,64,0.1327839642263409,0.000803572248352924,0.00014366492372897,0.0010807754915028098,True
equal_minimum_one,expanding,maximum,128,0.13293164973332036,0.00014768550697946692,4.020583250496923e-06,3.024640758436945e-05,True
equal_minimum_one,expanding,maximum,256,0.1329285349893981,3.114743922255636e-06,9.058393282412869e-07,6.814530087034286e-06,True
equal_minimum_one,expanding,maximum,512,0.13292715176046763,1.3832289304793743e-06,4.773896022380875e-07,3.5913497087887886e-06,True
equal_minimum_one,expanding,maximum,1024,0.1329276799004085,5.281399408640919e-07,5.075033862600442e-08,3.8178924088617696e-07,True
equal_minimum_one,expanding,maximum,2048,0.13292762911694314,5.0783465349590884e-08,3.312672358646296e-11,2.492087145334116e-10,True
equal_minimum_one,constant_width,individual_1,16,0.11545630075436736,,0.010107764962443436,0.09594594634335965,True
equal_minimum_one,constant_width,individual_1,32,0.10450845860701369,0.01094784214735367,0.0008400771849102345,0.007974265409530593,True
equal_minimum_one,constant_width,individual_1,64,0.10520656842750531,0.0006981098204916214,0.00014196736441861313,0.0013475969395437618,True
equal_minimum_one,constant_width,individual_1,128,0.10535311682940597,0.00014654840190066187,4.581037482048744e-06,4.348458616545793e-05,True
equal_minimum_one,constant_width,individual_1,256,0.10534953935642598,3.5774729799931126e-06,1.0035645020556316e-06,9.526136215483742e-06,True
equal_minimum_one,constant_width,individual_1,512,0.10534808014237908,1.4592140469005255e-06,4.5564954484489384e-07,4.325162579808957e-06,True
equal_minimum_one,constant_width,individual_1,1024,0.1053485836847971,5.035424180260817e-07,4.7892873181187845e-08,4.5461356269613516e-07,True
equal_minimum_one,constant_width,individual_1,2048,0.1053485361074352,4.757736189742179e-08,3.1551128376605675e-10,2.9949280395242476e-09,True
equal_minimum_one,constant_width,union,16,0.11545630075436736,,0.010107764962443436,0.09594594634335965,True
equal_minimum_one,constant_width,union,32,0.10450845860701369,0.01094784214735367,0.0008400771849102345,0.007974265409530593,True
equal_minimum_one,constant_width,union,64,0.10520656842750531,0.0006981098204916214,0.00014196736441861313,0.0013475969395437618,True
equal_minimum_one,constant_width,union,128,0.10535311682940597,0.00014654840190066187,4.581037482048744e-06,4.348458616545793e-05,True
equal_minimum_one,constant_width,union,256,0.10534953935642598,3.5774729799931126e-06,1.0035645020556316e-06,9.526136215483742e-06,True
equal_minimum_one,constant_width,union,512,0.10534808014237908,1.4592140469005255e-06,4.5564954484489384e-07,4.325162579808957e-06,True
equal_minimum_one,constant_width,union,1024,0.1053485836847971,5.035424180260817e-07,4.7892873181187845e-08,4.5461356269613516e-07,True
equal_minimum_one,constant_width,union,2048,0.1053485361074352,4.757736189742179e-08,3.1551128376605675e-10,2.9949280395242476e-09,True
equal_minimum_one,constant_width,maximum,16,0.11545630075436736,,0.010107764962443436,0.09594594634335965,True
equal_minimum_one,constant_width,maximum,32,0.10450845860701369,0.01094784214735367,0.0008400771849102345,0.007974265409530593,True
equal_minimum_one,constant_width,maximum,64,0.10520656842750531,0.0006981098204916214,0.00014196736441861313,0.0013475969395437618,True
equal_minimum_one,constant_width,maximum,128,0.10535311682940597,0.00014654840190066187,4.581037482048744e-06,4.348458616545793e-05,True
equal_minimum_one,constant_width,maximum,256,0.10534953935642598,3.5774729799931126e-06,1.0035645020556316e-06,9.526136215483742e-06,True
equal_minimum_one,constant_width,maximum,512,0.10534808014237908,1.4592140469005255e-06,4.5564954484489384e-07,4.325162579808957e-06,True
equal_minimum_one,constant_width,maximum,1024,0.1053485836847971,5.035424180260817e-07,4.7892873181187845e-08,4.5461356269613516e-07,True
equal_minimum_one,constant_width,maximum,2048,0.1053485361074352,4.757736189742179e-08,3.1551128376605675e-10,2.9949280395242476e-09,True
equal_minimum_three,isotropic,individual_1,16,0.151070299529504,,2.0306033648997968e-05,0.00013439640124091257,True
equal_minimum_three,isotropic,individual_1,32,0.1510894250666496,1.912553714561449e-05,1.1804965033834769e-06,7.813169448778547e-06,True
equal_minimum_three,isotropic,individual_1,64,0.15109053332741898,1.1082607693779778e-06,7.22357340054991e-08,4.780954695115438e-07,True
equal_minimum_three,isotropic,individual_1,128,0.1510906010735246,6.774610561421923e-08,4.489628391279865e-09,2.9714808373067817e-08,True
equal_minimum_three,isotropic,individual_1,256,0.15109060528294652,4.209421922141132e-09,2.8020646913873293e-10,1.8545591772190758e-09,True
equal_minimum_three,isotropic,individual_1,512,0.15109060554564627,2.6269975084147745e-10,1.7506718297255475e-11,1.1586900609739102e-10,True
equal_minimum_three,isotropic,individual_1,1024,0.15109060556205892,1.6412649017638614e-11,1.0940692796168605e-12,7.241146963035769e-12,True
equal_minimum_three,isotropic,individual_1,2048,0.1510906055630846,1.0256795412999509e-12,6.838973831690964e-14,4.526405732639945e-13,True
equal_minimum_three,isotropic,individual_2,16,0.15203425148888106,,3.514557812278607e-07,2.31168283022901e-06,True
equal_minimum_three,isotropic,individual_2,32,0.1520346007863164,3.4929743533695934e-07,2.1583458909013586e-09,1.4196412192341212e-08,True
equal_minimum_three,isotropic,individual_2,64,0.1520346027882059,2.0018895152684735e-09,1.5645637563288517e-10,1.0290839887932112e-09,True
equal_minimum_three,isotropic,individual_2,128,0.1520346029345022,1.462962806453305e-10,1.0160094987554658e-11,6.682751683347205e-11,True
equal_minimum_three,isotropic,individual_2,256,0.15203460294402113,9.51894119083363e-12,6.411537967210279e-13,4.217157043876358e-12,True
equal_minimum_three,isotropic,individual_2,512,0.15203460294462212,6.009914788052129e-13,4.016231791581504e-14,2.6416563820299096e-13,True
equal_minimum_three,isotropic,individual_2,1024,0.15203460294465979,3.7664316110408436e-14,2.4980018054066022e-15,1.643048198912867e-14,True
equal_minimum_three,isotropic,individual_2,2048,0.15203460294466212,2.3314683517128287e-15,1.6653345369377348e-16,1.0953654659419113e-15,True
equal_minimum_three,isotropic,individual_3,16,0.151070299529504,,2.0306033648997968e-05,0.00013439640124091257,True
equal_minimum_three,isotropic,individual_3,32,0.1510894250666496,1.912553714561449e-05,1.1804965033834769e-06,7.813169448778547e-06,True
equal_minimum_three,isotropic,individual_3,64,0.15109053332741898,1.1082607693779778e-06,7.22357340054991e-08,4.780954695115438e-07,True
equal_minimum_three,isotropic,individual_3,128,0.1510906010735246,6.774610561421923e-08,4.489628391279865e-09,2.9714808373067817e-08,True
equal_minimum_three,isotropic,individual_3,256,0.15109060528294652,4.209421922141132e-09,2.8020646913873293e-10,1.8545591772190758e-09,True
equal_minimum_three,isotropic,individual_3,512,0.15109060554564627,2.6269975084147745e-10,1.7506718297255475e-11,1.1586900609739102e-10,True
equal_minimum_three,isotropic,individual_3,1024,0.15109060556205892,1.6412649017638614e-11,1.0940692796168605e-12,7.241146963035769e-12,True
equal_minimum_three,isotropic,individual_3,2048,0.1510906055630846,1.0256795412999509e-12,6.838973831690964e-14,4.526405732639945e-13,True
equal_minimum_three,isotropic,union,16,0.42680837228382,,8.512375498481717e-06,1.994385837213591e-05,True
equal_minimum_three,isotropic,union,32,0.4268145216611039,6.149377283881652e-06,2.362998214600065e-06,5.536327871579376e-06,True
equal_minimum_three,isotropic,union,64,0.42681674004474673,2.2183836428379955e-06,1.446145717620695e-07,3.388211126593541e-07,True
equal_minimum_three,isotropic,union,128,0.42681687567081333,1.3562606659967003e-07,8.988505162399463e-09,2.1059394521315642e-08,True
equal_minimum_three,isotropic,union,256,0.4268168840983227,8.427509357034069e-09,5.609958053653941e-10,1.3143711636740332e-09,True
equal_minimum_three,isotropic,union,512,0.4268168846242686,5.259458979445242e-10,3.5049907420869886e-11,8.211930849185223e-11,True
equal_minimum_three,isotropic,union,1024,0.4268168846571281,3.285949290443568e-11,2.1904145164342026e-12,5.1319771901305455e-12,True
equal_minimum_three,isotropic,union,2048,0.4268168846591816,2.0535240174979208e-12,1.368904989362818e-13,3.2072418841992765e-13,True
equal_minimum_three,isotropic,maximum,16,0.39009746268679524,,0.00013128385095451112,0.00033665445384630665,True
equal_minimum_three,isotropic,maximum,32,0.38997453529230963,0.00012292739448560575,8.356456468905371e-06,2.1428669772983276e-05,True
equal_minimum_three,isotropic,maximum,64,0.38996669766485353,7.837627456097618e-06,5.188290128077533e-07,1.3304461796061509e-06,True
equal_minimum_three,isotropic,maximum,128,0.3899662112015439,4.864633096346438e-07,3.2365703173109495e-08,8.299618000137926e-08,True
equal_minimum_three,isotropic,maximum,256,0.3899661808577193,3.034382461963858e-08,2.0218785534709127e-09,5.1847536099330245e-09,True
equal_minimum_three,isotropic,maximum,512,0.3899661789621929,1.8955264025066754e-09,1.2635215096423735e-10,3.240079725411938e-10,True
equal_minimum_three,isotropic,maximum,1024,0.3899661788437376,1.184553011235323e-10,7.896849840705045e-12,2.0250089031513896e-11,True
equal_minimum_three,isotropic,maximum,2048,0.3899661788363344,7.403189172805469e-12,4.936606678995759e-13,1.265906364939884e-12,True
equal_minimum_three,expanding,individual_1,16,0.2253315167329425,,0.0024590316268121026,0.010795143365336213,True
equal_minimum_three,expanding,individual_1,32,0.22870747203364508,0.0033759553007025878,0.0009169236738904851,0.004025292886350875,True
equal_minimum_three,expanding,individual_1,64,0.227678669060299,0.0010288029733460935,0.00011187929945560837,0.0004911498754501217,True
equal_minimum_three,expanding,individual_1,128,0.22779703288360378,0.00011836382330479567,6.484523849187296e-06,2.846704525661945e-05,True
equal_minimum_three,expanding,individual_1,256,0.22779005383511955,6.979048484234696e-06,4.945246350473997e-07,2.1709620465305092e-06,True
equal_minimum_three,expanding,individual_1,512,0.22779037128875254,3.174536329919597e-07,1.7707100205544002e-07,7.773413046786644e-07,True
equal_minimum_three,expanding,individual_1,1024,0.22779053962714035,1.6833838781260546e-07,8.732614242834558e-09,3.833615707813719e-08,True
equal_minimum_three,expanding,individual_1,2048,0.22779054780651387,8.179373511829624e-09,5.532407310049337e-10,2.4287255770208183e-09,True
equal_minimum_three,expanding,individual_2,16,0.2721684514726214,,0.01095585224433393,0.04194228102588203,True
equal_minimum_three,expanding,individual_2,32,0.25947461090363905,0.012693840568982373,0.0017379883246484429,0.00665353941495572,True
equal_minimum_three,expanding,individual_2,64,0.26120873845013065,0.001734127546491604,3.86077815683894e-06,1.4780214155997896e-05,True
equal_minimum_three,expanding,individual_2,128,0.26120687476190363,1.8636882270217647e-06,5.724466383860705e-06,2.191497041403348e-05,True
equal_minimum_three,expanding,individual_2,256,0.2612133718130904,6.497051186771241e-06,7.725848029105364e-07,2.9576858282985566e-06,True
equal_minimum_three,expanding,individual_2,512,0.2612123929510752,9.78862015221793e-07,2.0627721231125662e-07,7.896908989867677e-07,True
equal_minimum_three,expanding,individual_2,1024,0.26121254286550977,1.4991443458844955e-07,5.636277772280707e-08,2.1577358017692194e-07,True
equal_minimum_three,expanding,individual_2,2048,0.26121260205758073,5.9192070966940236e-08,2.8292932441331686e-09,1.0831381229281746e-08,True
equal_minimum_three,expanding,individual_3,16,0.1436346230399799,,0.010706993889910033,0.08054754273712558,True
equal_minimum_three,expanding,individual_3,32,0.13198039197798797,0.011654231061991926,0.000947237172081894,0.007125961533644009,True
equal_minimum_three,expanding,individual_3,64,0.1327839642263409,0.000803572248352924,0.00014366492372897,0.0010807754915028098,True
equal_minimum_three,expanding,individual_3,128,0.13293164973332036,0.00014768550697946692,4.020583250496923e-06,3.024640758436945e-05,True
equal_minimum_three,expanding,individual_3,256,0.1329285349893981,3.114743922255636e-06,9.058393282412869e-07,6.814530087034286e-06,True
equal_minimum_three,expanding,individual_3,512,0.13292715176046763,1.3832289304793743e-06,4.773896022380875e-07,3.5913497087887886e-06,True
equal_minimum_three,expanding,individual_3,1024,0.1329276799004085,5.281399408640919e-07,5.075033862600442e-08,3.8178924088617696e-07,True
equal_minimum_three,expanding,individual_3,2048,0.13292762911694314,5.0783465349590884e-08,3.312672358646296e-11,2.492087145334116e-10,True
equal_minimum_three,expanding,union,16,0.46609628247725343,,0.007857925963264845,0.017148119208185417,True
equal_minimum_three,expanding,union,32,0.45774166633978663,0.008354616137466797,0.0004966901742019525,0.001083912263435307,True
equal_minimum_three,expanding,union,64,0.45807770548109644,0.0003360391413098074,0.0001606510328921451,0.0003505839932612471,True
equal_minimum_three,expanding,union,128,0.45824272427375273,0.00016501879265629071,4.367759764145607e-06,9.531632832687748e-06,True
equal_minimum_three,expanding,union,256,0.4582386066685604,4.117605192310858e-06,2.5015457183474865e-07,5.459049166852365e-07,True
equal_minimum_three,expanding,union,512,0.45823789803052634,7.0863803408594e-07,4.584834622511913e-07,1.0005348869943304e-06,True
equal_minimum_three,expanding,union,1024,0.4582383275349921,4.295044657709468e-07,2.897899648024449e-08,6.324000614156325e-08,True
equal_minimum_three,expanding,union,2048,0.45823835779033845,3.025534633938065e-08,1.276349859136161e-09,2.785340513277609e-09,True
equal_minimum_three,expanding,maximum,16,0.3736595708817175,,,,False
equal_minimum_three,expanding,maximum,32,0.3715188319638895,0.0021407389178279557,,,False
equal_minimum_three,expanding,maximum,64,0.36950023066690263,0.0020186012969868883,,,False
equal_minimum_three,expanding,maximum,128,0.3700797263126205,0.0005794956457178535,,,False
equal_minimum_three,expanding,maximum,256,0.37007718445337995,2.5418592405346274e-06,,,False
equal_minimum_three,expanding,maximum,512,0.3700587701492681,1.841430411186895e-05,,,False
equal_minimum_three,expanding,maximum,1024,0.3700638499455997,5.079796331630693e-06,,,False
equal_minimum_three,expanding,maximum,2048,0.37006344441699174,4.055286079718279e-07,,,False
equal_minimum_three,constant_width,individual_1,16,0.07912803227791834,,0.0016772483413919903,0.020756667491742764,True
equal_minimum_three,constant_width,individual_1,32,0.08158386843753576,0.0024558361596174194,0.0007785878182254291,0.009635358138207704,True
equal_minimum_three,constant_width,individual_1,64,0.08069780096683574,0.0008860674707000249,0.00010747965247459579,0.0013301067906805956,True
equal_minimum_three,constant_width,individual_1,128,0.08081181762941998,0.00011401666258424592,6.537010109650132e-06,8.08983034221152e-05,True
equal_minimum_three,constant_width,individual_1,256,0.0808048097732766,7.00785614338173e-06,4.7084603373159784e-07,5.826921583873295e-06,True
equal_minimum_three,constant_width,individual_1,512,0.08080510504954135,2.952762647445706e-07,1.7556976898702725e-07,2.1727511821185447e-06,True
equal_minimum_three,constant_width,individual_1,1024,0.0808052720817289,1.6703218755353966e-07,8.537581433487595e-09,1.0565623147464621e-07,True
equal_minimum_three,constant_width,individual_1,2048,0.0808052801538935,8.072164603412091e-09,4.654168300755046e-10,5.7597328603829175e-09,True
equal_minimum_three,constant_width,individual_2,16,0.1607474494836456,,0.01058722425973152,0.07050618260557476,True
equal_minimum_three,constant_width,individual_2,32,0.14850523919385675,0.012242210289788863,0.0016549860300573427,0.011021467419814274,True
equal_minimum_three,constant_width,individual_2,64,0.15016416328585586,0.0016589240919991088,3.938061941766158e-06,2.6225732785721697e-05,True
equal_minimum_three,constant_width,individual_2,128,0.15015344611965706,1.0717166198798145e-05,6.779104257031987e-06,4.514580506870714e-05,True
equal_minimum_three,constant_width,individual_2,256,0.15016103100044545,7.58488078839159e-06,8.057765313596033e-07,5.3661116328112534e-06,True
equal_minimum_three,constant_width,individual_2,512,0.1501600324858971,9.985145483504265e-07,1.9273801699082327e-07,1.2835490670276936e-06,True
equal_minimum_three,constant_width,individual_2,1024,0.150160171722048,1.3923615091449015e-07,5.3501866076333116e-08,3.562985204407682e-07,True
equal_minimum_three,constant_width,individual_2,2048,0.15016022769291523,5.597086721875755e-08,2.469001142424432e-09,1.6442444320676376e-08,True
equal_minimum_three,constant_width,individual_3,16,0.11545630075436736,,0.010107764962443436,0.09594594634335965,True
equal_minimum_three,constant_width,individual_3,32,0.10450845860701369,0.01094784214735367,0.0008400771849102345,0.007974265409530593,True
equal_minimum_three,constant_width,individual_3,64,0.10520656842750531,0.0006981098204916214,0.00014196736441861313,0.0013475969395437618,True
equal_minimum_three,constant_width,individual_3,128,0.10535311682940597,0.00014654840190066187,4.581037482048744e-06,4.348458616545793e-05,True
equal_minimum_three,constant_width,individual_3,256,0.10534953935642598,3.5774729799931126e-06,1.0035645020556316e-06,9.526136215483742e-06,True
equal_minimum_three,constant_width,individual_3,512,0.10534808014237908,1.4592140469005255e-06,4.5564954484489384e-07,4.325162579808957e-06,True
equal_minimum_three,constant_width,individual_3,1024,0.1053485836847971,5.035424180260817e-07,4.7892873181187845e-08,4.5461356269613516e-07,True
equal_minimum_three,constant_width,individual_3,2048,0.1053485361074352,4.757736189742179e-08,3.1551128376605675e-10,2.9949280395242476e-09,True
equal_minimum_three,constant_width,union,16,0.32039741111230674,,0.01456156138648862,0.04761234302500201,True
equal_minimum_three,constant_width,union,32,0.30454773108201094,0.0158496800302958,0.001288118643807179,0.00421179742323203,True
equal_minimum_three,constant_width,union,64,0.30563349454677075,0.0010857634647598036,0.00020235517904737543,0.0006616463675817824,True
equal_minimum_three,constant_width,union,128,0.30583986521802375,0.0002063706712530089,4.015492205633464e-06,1.312956675691667e-05,True
equal_minimum_three,constant_width,union,256,0.30583665845218677,3.206765836982761e-06,8.087263686507029e-07,2.6443151428314445e-06,True
equal_minimum_three,constant_width,union,512,0.3058351914410757,1.467011111089267e-06,6.58284742438564e-07,2.1524119655322175e-06,True
equal_minimum_three,constant_width,union,1024,0.30583582782856306,6.36387487373824e-07,2.189725506474005e-08,7.159806505473751e-08,True
equal_minimum_three,constant_width,union,2048,0.3058358515412629,2.3712699859235187e-08,1.8154447944951357e-09,5.936010432140909e-09,True
equal_minimum_three,constant_width,maximum,16,0.2863579906464753,,,,False
equal_minimum_three,constant_width,maximum,32,0.26898931678077814,0.017368673865697182,,,False
equal_minimum_three,constant_width,maximum,64,0.2712033632542324,0.0022140464734542453,,,False
equal_minimum_three,constant_width,maximum,128,0.27089853021132554,0.0003048330429068491,,,False
equal_minimum_three,constant_width,maximum,256,0.2710477931307666,0.00014926291944106218,,,False
equal_minimum_three,constant_width,maximum,512,0.27105351794488136,5.724814114760335e-06,,,False
equal_minimum_three,constant_width,maximum,1024,0.2710496363081692,3.8816367121663475e-06,,,False
equal_minimum_three,constant_width,maximum,2048,0.2710509190665286,1.2827583594221537e-06,,,False
star_edge_1,isotropic,individual_1,16,0.11845737838797782,,2.7137959767983832e-05,0.00022904224623186505,True
star_edge_1,isotropic,individual_1,32,0.11848295349160602,2.5575103628203144e-05,1.5628561397806884e-06,1.319038291209113e-05,True
star_edge_1,isotropic,individual_1,64,0.1184844237536154,1.4702620093759444e-06,9.259413040474396e-08,7.814871787380646e-07,True
star_edge_1,isotropic,individual_1,128,0.11848451063863731,8.688502191323e-08,5.709108491513959e-09,4.8184426687095776e-08,True
star_edge_1,isotropic,individual_1,256,0.11848451599213873,5.353501419946838e-09,3.556070715671211e-10,3.0012957180281105e-09,True
star_edge_1,isotropic,individual_1,512,0.11848451632553929,3.3340055716202244e-10,2.2206514405098687e-11,1.874212351926537e-10,True
star_edge_1,isotropic,individual_1,1024,0.1184845163463582,2.0818916035558743e-11,1.387598369539944e-12,1.1711221114051866e-11,True
star_edge_1,isotropic,individual_1,2048,0.1184845163476591,1.3008899513167194e-12,8.670841822322473e-14,7.31812230795964e-13,True
star_edge_1,isotropic,individual_2,16,0.1947906480115844,,0.00013518576028678786,0.0006944873712933102,True
star_edge_1,isotropic,individual_2,32,0.19466348065366504,0.00012716735791937217,8.018402367415689e-06,4.1192794050978326e-05,True
star_edge_1,isotropic,individual_2,64,0.19465595100630648,7.529647358561764e-06,4.88755008853925e-07,2.510872303305564e-06,True
star_edge_1,isotropic,individual_2,128,0.19465549260608428,4.584002221974526e-07,3.03547866564724e-08,1.5594109872593645e-07,True
star_edge_1,isotropic,individual_2,256,0.19465546414547466,2.8460609619029853e-08,1.894177037442546e-09,9.730921575666798e-09,True
star_edge_1,isotropic,individual_2,512,0.1946554623696369,1.775837754625087e-09,1.1833928281745898e-10,6.079422660366167e-10,True
star_edge_1,isotropic,individual_2,1024,0.1946554622586931,1.1094380969467466e-10,7.395473122784324e-12,3.799263086302128e-11,True
star_edge_1,isotropic,individual_2,2048,0.1946554622517598,6.933287277632871e-12,4.621858451514527e-13,2.374379017192833e-12,True
star_edge_1,isotropic,individual_3,16,1.9032623902740795e-15,,2.1962721606795643e-20,,True
star_edge_1,isotropic,individual_3,32,1.9032404203625475e-15,2.196991153199929e-20,7.189925203647636e-24,,True
star_edge_1,isotropic,individual_3,64,1.9032404301569313e-15,9.794383797684183e-24,2.6044585940365476e-24,,True
star_edge_1,isotropic,individual_3,128,1.9032404309107183e-15,7.537869660835278e-25,3.3582455601200754e-24,,True
star_edge_1,isotropic,individual_3,256,1.9032404309604686e-15,4.975030184866833e-26,3.407995861968744e-24,,True
star_edge_1,isotropic,individual_3,512,1.903240430963621e-15,3.152288177263163e-27,3.411148150146007e-24,,True
star_edge_1,isotropic,individual_3,1024,1.9032404309638177e-15,1.9682079585264245e-28,3.4113449709418595e-24,,True
star_edge_1,isotropic,individual_3,2048,1.903240430963831e-15,1.34106353887572e-29,3.411358381577248e-24,,True
star_edge_1,isotropic,individual_4,16,7.345580081225043e-06,,1.1142953868040872e-06,0.17882273743675156,True
star_edge_1,isotropic,individual_4,32,6.333583690721679e-06,1.0119963905033633e-06,1.0229899630072382e-07,0.016416999273410664,True
star_edge_1,isotropic,individual_4,64,6.238334500794658e-06,9.524918992702164e-08,7.049806373702186e-09,0.0011313568099390605,True
star_edge_1,isotropic,individual_4,128,6.231736016067478e-06,6.598484727179558e-09,4.51321646522628e-10,7.24283464253702e-05,True
star_edge_1,isotropic,individual_4,256,6.231313070909777e-06,4.229451577011654e-10,2.837648882146257e-11,4.553874556055646e-06,True
star_edge_1,isotropic,individual_4,512,6.231286470596216e-06,2.6600313561362255e-11,1.7761752601003146e-12,2.850415840718326e-07,True
star_edge_1,isotropic,individual_4,1024,6.231284805473255e-06,1.6651229608130049e-12,1.1105229928730972e-13,1.782173415808428e-08,True
star_edge_1,isotropic,individual_4,2048,6.23128470136237e-06,1.0411088461335146e-13,6.941414673958257e-15,1.1139620502611767e-09,True
star_edge_1,isotropic,union,16,0.3132548847306838,,0.00010916630971918861,0.00034861185479290305,True
star_edge_1,isotropic,union,32,0.3131522767584512,0.00010260797223260454,6.558337486584076e-06,2.0943404622149882e-05,True
star_edge_1,isotropic,union,64,0.31314612166202876,6.155096422433282e-06,4.032410641507944e-07,1.287710610204524e-06,True
star_edge_1,isotropic,union,128,0.3131457435198525,3.7814217623832747e-07,2.509888791246695e-08,8.015082575303261e-08,True
star_edge_1,isotropic,union,256,0.3131457199880288,2.3531823711842037e-08,1.5670642006249125e-09,5.004265134221934e-09,True
star_edge_1,isotropic,union,512,0.3131457185188808,1.4691480254569456e-09,9.791617516796691e-11,3.126856584905859e-10,True
star_edge_1,isotropic,union,1024,0.3131457184270839,9.17969034119892e-11,6.1192717559777066e-12,1.954129146914126e-11,True
star_edge_1,isotropic,union,2048,0.313145718421347,5.736910946296803e-12,3.823608096809039e-13,1.2210315747216854e-12,True
star_edge_1,isotropic,maximum,16,0.31323361413925044,,0.00010853761528401007,0.00034662702996801555,True
star_edge_1,isotropic,maximum,32,0.3131319828860069,0.00010163125324352817,6.906362040481895e-06,2.2056240647188425e-05,True
star_edge_1,isotropic,maximum,64,0.3131252717656991,6.7111203078118464e-06,1.952417326700484e-07,6.235263391787298e-07,True
star_edge_1,isotropic,maximum,128,0.3131251737490562,9.801664291320122e-08,9.722508975684718e-08,3.10499212762366e-07,True
star_edge_1,isotropic,maximum,256,0.3131250099507376,1.6379831857538107e-07,6.657322881853389e-08,2.1260906203224004e-07,True
star_edge_1,isotropic,maximum,512,0.31312507862204436,6.867130675214383e-08,2.098077933609943e-09,6.700446853062429e-09,True
star_edge_1,isotropic,maximum,1024,0.3131250774385778,1.183466546983425e-09,9.146113866265182e-10,2.920913894152819e-09,True
star_edge_1,isotropic,maximum,2048,0.31312507688473185,5.538459690868081e-10,3.6076541753971014e-10,1.1521447644647438e-09,True
star_edge_1,expanding,individual_1,16,0.14224554331188535,,0.0013411957039521916,0.009518483472802935,True
star_edge_1,expanding,individual_1,32,0.14158816429889096,0.0006573790129943968,0.0006838166909577947,0.0048530560097444055,True
star_edge_1,expanding,individual_1,64,0.14100841025633365,0.0005797540425573067,0.00010406264840048807,0.0007385339783130238,True
star_edge_1,expanding,individual_1,128,0.14089807079921124,0.00011033945712241033,6.276808721922267e-06,4.4546593689128095e-05,True
star_edge_1,expanding,individual_1,256,0.1409032767000634,5.205900852151002e-06,1.0709078697712648e-06,7.6002471744240974e-06,True
star_edge_1,expanding,individual_1,512,0.1409044614996582,1.1847995948222056e-06,1.138917250509408e-07,8.082910640049584e-07,True
star_edge_1,expanding,individual_1,1024,0.14090436647693755,9.502272066419515e-08,1.8869004386745658e-08,1.339135712068213e-07,True
star_edge_1,expanding,individual_1,2048,0.14090434589182427,2.0585113280624512e-08,1.7161088938788538e-09,1.2179247290892208e-08,True
star_edge_1,expanding,individual_2,16,0.09834987729086213,,0.020710557065860016,0.26675345695763336,True
star_edge_1,expanding,individual_2,32,0.073676410975395,0.02467346631546713,0.003962909249607113,0.051042554701952965,True
star_edge_1,expanding,individual_2,64,0.07761206105071866,0.003935650075323663,2.7259174283450482e-05,0.00035110011530822545,True
star_edge_1,expanding,individual_2,128,0.07765546436542008,4.340331470141512e-05,1.6144140417964636e-05,0.000207937683781597,True
star_edge_1,expanding,individual_2,256,0.07763696601477511,1.849835064496319e-05,2.3542102269985543e-06,3.0322396179873178e-05,True
star_edge_1,expanding,individual_2,512,0.07763906146982397,2.095455048853334e-06,2.587551781452202e-07,3.3327852098052443e-06,True
star_edge_1,expanding,individual_2,1024,0.07763943278806178,3.713182378101143e-07,1.125630596648941e-07,1.4498202629631672e-06,True
star_edge_1,expanding,individual_2,2048,0.07763932003395156,1.1275411021527404e-07,1.9105055037993424e-10,2.4607447595659192e-09,True
star_edge_1,expanding,individual_3,16,0.0,,0.0,,True
star_edge_1,expanding,individual_3,32,0.0,0.0,0.0,,True
star_edge_1,expanding,individual_3,64,0.0,0.0,0.0,,True
star_edge_1,expanding,individual_3,128,0.0,0.0,0.0,,True
star_edge_1,expanding,individual_3,256,0.0,0.0,0.0,,True
star_edge_1,expanding,individual_3,512,0.0,0.0,0.0,,True
star_edge_1,expanding,individual_3,1024,0.0,0.0,0.0,,True
star_edge_1,expanding,individual_3,2048,0.0,0.0,0.0,,True
star_edge_1,expanding,individual_4,16,0.0,,0.0,,True
star_edge_1,expanding,individual_4,32,0.0,0.0,0.0,,True
star_edge_1,expanding,individual_4,64,0.0,0.0,0.0,,True
star_edge_1,expanding,individual_4,128,0.0,0.0,0.0,,True
star_edge_1,expanding,individual_4,256,0.0,0.0,0.0,,True
star_edge_1,expanding,individual_4,512,0.0,0.0,0.0,,True
star_edge_1,expanding,individual_4,1024,0.0,0.0,0.0,,True
star_edge_1,expanding,individual_4,2048,0.0,0.0,0.0,,True
star_edge_1,expanding,union,16,0.23033042300550896,,0.019795853687507442,0.09402661877160341,True
star_edge_1,expanding,union,32,0.2076876408600584,0.02264278214545057,0.0028469284579431264,0.013522380040320072,True
star_edge_1,expanding,union,64,0.21061290415827036,0.0029252632982119664,7.833484026883997e-05,0.00037207590431630855,True
star_edge_1,expanding,union,128,0.2105426420139002,7.026214437017009e-05,8.07269589866988e-06,3.8343802278268574e-05,True
star_edge_1,expanding,union,256,0.2105314054310813,1.1236582818902052e-05,3.163886920232173e-06,1.5027873714426851e-05,True
star_edge_1,expanding,union,512,0.21053445457289074,3.0491418094580336e-06,1.1474511077413929e-07,5.450179091530701e-07,True
star_edge_1,expanding,union,1024,0.21053468865666583,2.340837750858249e-07,1.193386643116856e-07,5.668364330773193e-07,True
star_edge_1,expanding,union,2048,0.2105345673875109,1.2126915494015122e-07,1.93049062846562e-09,9.169471002881784e-09,True
star_edge_1,expanding,maximum,16,0.22971416480086848,,,,False
star_edge_1,expanding,maximum,32,0.20556342747121079,0.024150737329657695,,,False
star_edge_1,expanding,maximum,64,0.2088818059426459,0.003318378471435124,,,False
star_edge_1,expanding,maximum,128,0.20880484938061974,7.695656202616474e-05,,,False
star_edge_1,expanding,maximum,256,0.20874513071934286,5.971866127688075e-05,,,False
star_edge_1,expanding,maximum,512,0.20876421835095504,1.908763161218019e-05,,,False
star_edge_1,expanding,maximum,1024,0.20875688027423034,7.3380767247055445e-06,,,False
star_edge_1,expanding,maximum,2048,0.20875998925241088,3.1089781805382355e-06,,,False
star_edge_1,constant_width,individual_1,16,0.04341776463167637,,0.0008560869929688519,0.020114033103579725,True
star_edge_1,constant_width,individual_1,32,0.043290406126829724,0.00012735850484664468,0.0007287284881222073,0.017121704983251614,True
star_edge_1,constant_width,individual_1,64,0.04265216074677966,0.0006382453800500634,9.048310807214383e-05,0.002125929077331632,True
star_edge_1,constant_width,individual_1,128,0.04255686851721513,9.529222956453087e-05,4.809121492387047e-06,0.0001129918217324548,True
star_edge_1,constant_width,individual_1,256,0.042560787766297487,3.919249082356968e-06,8.898724100300792e-07,2.0907832101542656e-05,True
star_edge_1,constant_width,individual_1,512,0.04256177517664685,9.87410349366502e-07,9.753793933642285e-08,2.2916845563370707e-06,True
star_edge_1,constant_width,individual_1,1024,0.04256169351875807,8.165788878411462e-08,1.5880050552308234e-08,3.7310678134233594e-07,True
star_edge_1,constant_width,individual_1,2048,0.042561676205364295,1.7313393774198715e-08,1.4333432218904818e-09,3.367684972518411e-08,True
star_edge_1,constant_width,individual_2,16,0.09834987729086213,,0.020710557065860016,0.26675345695763336,True
star_edge_1,constant_width,individual_2,32,0.073676410975395,0.02467346631546713,0.003962909249607113,0.051042554701952965,True
star_edge_1,constant_width,individual_2,64,0.07761206105071866,0.003935650075323663,2.7259174283450482e-05,0.00035110011530822545,True
star_edge_1,constant_width,individual_2,128,0.07765546436542008,4.340331470141512e-05,1.6144140417964636e-05,0.000207937683781597,True
star_edge_1,constant_width,individual_2,256,0.07763696601477511,1.849835064496319e-05,2.3542102269985543e-06,3.0322396179873178e-05,True
star_edge_1,constant_width,individual_2,512,0.07763906146982397,2.095455048853334e-06,2.587551781452202e-07,3.3327852098052443e-06,True
star_edge_1,constant_width,individual_2,1024,0.07763943278806178,3.713182378101143e-07,1.125630596648941e-07,1.4498202629631672e-06,True
star_edge_1,constant_width,individual_2,2048,0.07763932003395156,1.1275411021527404e-07,1.9105055037993424e-10,2.4607447595659192e-09,True
star_edge_1,constant_width,individual_3,16,0.0,,0.0,,True
star_edge_1,constant_width,individual_3,32,0.0,0.0,0.0,,True
star_edge_1,constant_width,individual_3,64,0.0,0.0,0.0,,True
star_edge_1,constant_width,individual_3,128,0.0,0.0,0.0,,True
star_edge_1,constant_width,individual_3,256,0.0,0.0,0.0,,True
star_edge_1,constant_width,individual_3,512,0.0,0.0,0.0,,True
star_edge_1,constant_width,individual_3,1024,0.0,0.0,0.0,,True
star_edge_1,constant_width,individual_3,2048,0.0,0.0,0.0,,True
star_edge_1,constant_width,individual_4,16,0.0,,0.0,,True
star_edge_1,constant_width,individual_4,32,0.0,0.0,0.0,,True
star_edge_1,constant_width,individual_4,64,0.0,0.0,0.0,,True
star_edge_1,constant_width,individual_4,128,0.0,0.0,0.0,,True
star_edge_1,constant_width,individual_4,256,0.0,0.0,0.0,,True
star_edge_1,constant_width,individual_4,512,0.0,0.0,0.0,,True
star_edge_1,constant_width,individual_4,1024,0.0,0.0,0.0,,True
star_edge_1,constant_width,individual_4,2048,0.0,0.0,0.0,,True
star_edge_1,constant_width,union,16,0.14176625180385105,,0.02156613884006177,0.17941862372923598,True
star_edge_1,constant_width,union,32,0.11696603809299679,0.024800213710854266,0.003234074870792497,0.02690575566902149,True
star_edge_1,constant_width,union,64,0.12026333175032311,0.003297293657326325,6.321878653382795e-05,0.0005259461490928286,True
star_edge_1,constant_width,union,128,0.12021144733919087,5.1884411132241404e-05,1.133437540158655e-05,9.429587978008866e-05,True
star_edge_1,constant_width,union,256,0.12019686897505266,1.45783641382069e-05,3.2439887366203513e-06,2.6988233676599077e-05,True
star_edge_1,constant_width,union,512,0.12019995176329289,3.0827882402245654e-06,1.6120049639578582e-07,1.3411010391009204e-06,True
star_edge_1,constant_width,union,1024,0.12020024140411158,2.8964081869031766e-07,1.2844032229453184e-07,1.0685540897388753e-06,True
star_edge_1,constant_width,union,2048,0.120200111339211,1.3006490057199116e-07,1.624578277459321e-09,1.351561356642594e-08,True
star_edge_1,constant_width,maximum,16,0.14176615331622772,,0.021566710730153954,0.179424382227981,True
star_edge_1,constant_width,maximum,32,0.11696464081842839,0.024801512497799327,0.0032348017676453733,0.026911953150938785,True
star_edge_1,constant_width,maximum,64,0.12026271441761055,0.003298073599182161,6.32718315367875e-05,0.0005263903906332936,True
star_edge_1,constant_width,maximum,128,0.12021091619829183,5.179821931872164e-05,1.1473612218065865e-05,9.545478723705156e-05,True
star_edge_1,constant_width,maximum,256,0.12019618446426543,1.4731734026399157e-05,3.258121808333292e-06,2.71059643725068e-05,True
star_edge_1,constant_width,maximum,512,0.12019924031340125,3.055849135819022e-06,2.0227267251426984e-07,1.6828087398943148e-06,True
star_edge_1,constant_width,maximum,1024,0.12019956932588312,3.2901248187000576e-07,1.2673980935573592e-07,1.054412621464352e-06,True
star_edge_1,constant_width,maximum,2048,0.12019944572235015,1.23603532964367e-07,3.1362763913689307e-09,2.6092270678568837e-08,True
star_edge_2,isotropic,individual_1,16,0.19925396846521623,,3.1067690736880094e-05,0.00015589575281792692,True
star_edge_2,isotropic,individual_1,32,0.1992811794884508,2.7211023234580134e-05,3.85666750229996e-06,1.9352519269343806e-05,True
star_edge_2,isotropic,individual_1,64,0.19928480258670545,3.6230982546348045e-06,2.335692476651552e-07,1.1720360553432247e-06,True
star_edge_2,isotropic,individual_1,128,0.19928502168340176,2.1909669631337003e-07,1.4472551351785157e-08,7.26223685980089e-08,True
star_edge_2,isotropic,individual_1,256,0.19928503525340488,1.3570003121188279e-08,9.025482305968779e-10,4.5289312635123146e-09,True
star_edge_2,isotropic,individual_1,512,0.199285036099575,8.461701339612659e-10,5.6378096635611996e-11,2.8290180599155764e-10,True
star_edge_2,isotropic,individual_1,1024,0.19928503615243,5.285499815599337e-11,3.523098479618625e-12,1.7678690520755297e-11,True
star_edge_2,isotropic,individual_1,2048,0.19928503615573298,3.302969009411072e-12,2.2012947020755291e-13,1.1045960823435218e-12,True
star_edge_2,isotropic,individual_2,16,8.032020894540959e-06,,4.146747170749083e-10,5.162502873499082e-05,True
star_edge_2,isotropic,individual_2,32,8.032408758648132e-06,3.8786410717343725e-10,2.6810609901471065e-11,3.3377933343258174e-06,True
star_edge_2,isotropic,individual_2,64,8.032433772949348e-06,2.5014301216244833e-11,1.7963086852262325e-12,2.2363188222774127e-07,True
star_edge_2,isotropic,individual_2,128,8.032435455164674e-06,1.682215325900043e-12,1.1409335932618947e-13,1.4204080237238482e-08,True
star_edge_2,isotropic,individual_2,256,8.03243556209901e-06,1.06934335111818e-13,7.159024214371465e-15,8.91264443100009e-10,True
star_edge_2,isotropic,individual_2,512,8.032435568810158e-06,6.711148767247176e-15,4.478754471242893e-16,5.575836161554921e-11,True
star_edge_2,isotropic,individual_2,1024,8.032435569230037e-06,4.198793141516402e-16,2.7996132972649135e-17,3.4853853144862728e-12,True
star_edge_2,isotropic,individual_2,2048,8.032435569256287e-06,2.6249551035410768e-17,1.7465819372383673e-18,2.1744113876529998e-13,True
star_edge_2,isotropic,individual_3,16,8.032020894540959e-06,,4.146747170749083e-10,5.162502873499082e-05,True
star_edge_2,isotropic,individual_3,32,8.032408758648132e-06,3.8786410717343725e-10,2.6810609901471065e-11,3.3377933343258174e-06,True
star_edge_2,isotropic,individual_3,64,8.032433772949348e-06,2.5014301216244833e-11,1.7963086852262325e-12,2.2363188222774127e-07,True
star_edge_2,isotropic,individual_3,128,8.032435455164674e-06,1.682215325900043e-12,1.1409335932618947e-13,1.4204080237238482e-08,True
star_edge_2,isotropic,individual_3,256,8.03243556209901e-06,1.06934335111818e-13,7.159024214371465e-15,8.91264443100009e-10,True
star_edge_2,isotropic,individual_3,512,8.032435568810158e-06,6.711148767247176e-15,4.478754471242893e-16,5.575836161554921e-11,True
star_edge_2,isotropic,individual_3,1024,8.032435569230037e-06,4.198793141516402e-16,2.7996132972649135e-17,3.4853853144862728e-12,True
star_edge_2,isotropic,individual_3,2048,8.032435569256287e-06,2.6249551035410768e-17,1.7465819372383673e-18,2.1744113876529998e-13,True
star_edge_2,isotropic,individual_4,16,7.364013859069342e-06,,1.0507352025848571e-06,0.16643257168850414,True
star_edge_2,isotropic,individual_4,32,6.40384135608151e-06,9.60172502987832e-07,9.056269959702517e-08,0.01434479682027128,True
star_edge_2,isotropic,individual_4,64,6.319346350000084e-06,8.449500608142579e-08,6.067693515599381e-09,0.000961100221573008,True
star_edge_2,isotropic,individual_4,128,6.313664048802426e-06,5.682301197658385e-09,3.853923179409957e-10,6.104471842774628e-05,True
star_edge_2,isotropic,individual_4,256,6.313302838738669e-06,3.6121006375673225e-10,2.418225418426346e-11,3.830379664839508e-06,True
star_edge_2,isotropic,individual_4,512,6.31328016935915e-06,2.2669379519004828e-11,1.5128746652586325e-12,2.3963375411993435e-07,True
star_edge_2,isotropic,individual_4,1024,6.313278751062314e-06,1.4182968357699319e-12,9.457782948870059e-14,1.4980778551816014e-08,True
star_edge_2,isotropic,individual_4,2048,6.313278662395956e-06,8.866635859772556e-14,5.9114708909750215e-15,9.363551353627073e-10,True
star_edge_2,isotropic,union,16,0.19927684514441668,,3.0000854229800256e-05,0.00015052595950469256,True
star_edge_2,isotropic,union,32,0.19930308063681848,2.6235492401799343e-05,3.7653618280009127e-06,1.8892285456298293e-05,True
star_edge_2,isotropic,union,64,0.19930661853720322,3.5379003847368917e-06,2.2746144326402096e-07,1.1412625699047272e-06,True
star_edge_2,isotropic,union,128,0.19930683191391285,2.133767096346162e-07,1.4084733629404766e-08,7.066858922397687e-08,True
star_edge_2,isotropic,union,256,0.19930684512043084,1.3206517990305144e-08,8.782156390996221e-10,4.406349589745583e-09,True
star_edge_2,isotropic,union,512,0.19930684594379058,8.23359741497498e-10,5.485589760212406e-11,2.7523338361641927e-10,True
star_edge_2,isotropic,union,1024,0.19930684599521853,5.142794523571581e-11,3.427952366408249e-12,1.7199370895827276e-11,True
star_edge_2,isotropic,union,2048,0.19930684599843226,3.213734833806825e-12,2.1421753260142395e-13,1.074812716683494e-12,True
star_edge_2,isotropic,maximum,16,0.19926144324916054,,3.1108351964737047e-05,0.00015609390172794294,True
star_edge_2,isotropic,maximum,32,0.19928870681009792,2.7263560937379472e-05,3.844791027357575e-06,1.929219630371708e-05,True
star_edge_2,isotropic,maximum,64,0.19929232009714626,3.6132870483429613e-06,2.315039790146134e-07,1.1616288574495136e-06,True
star_edge_2,isotropic,maximum,128,0.1992925342138923,2.1411674602789255e-07,1.7387232986720846e-08,8.724477080066987e-08,True
star_edge_2,isotropic,maximum,256,0.19929255133321433,1.7119322043290808e-08,2.6791094343003863e-10,1.344309866463298e-09,True
star_edge_2,isotropic,maximum,512,0.19929255152896672,1.957523865225852e-10,7.215855690745343e-11,3.6207352621926087e-10,True
star_edge_2,isotropic,maximum,1024,0.19929255160321366,7.424694192792458e-11,2.0883850204711507e-12,1.0478991832323747e-11,True
star_edge_2,isotropic,maximum,2048,0.19929255159812834,5.085321053144298e-12,2.9969360326731476e-12,1.5037872758392774e-11,True
star_edge_2,expanding,individual_1,16,0.7708333333333334,,0.009166666666666656,0.011752136752136738,True
star_edge_2,expanding,individual_1,32,0.7792994181315104,0.00846608479817701,0.000700581868489647,0.0008981818826790345,True
star_edge_2,expanding,individual_1,64,0.7800038655598959,0.0007044474283854907,3.865559895843695e-06,4.9558460203124295e-06,True
star_edge_2,expanding,individual_1,128,0.7799902757008871,1.3589859008789062e-05,9.724299112945367e-06,1.2467050144801752e-05,True
star_edge_2,expanding,individual_1,256,0.7800096590071917,1.9383306304576742e-05,9.659007191631375e-06,1.2383342553373557e-05,True
star_edge_2,expanding,individual_1,512,0.7799991485662758,1.0510440915822983e-05,8.514337241916081e-07,1.0915816976815488e-06,True
star_edge_2,expanding,individual_1,1024,0.7799999491423174,8.005760415707996e-07,5.0857682620808475e-08,6.520215720616471e-08,True
star_edge_2,expanding,individual_1,2048,0.7800000157174812,6.657516382624351e-08,1.5717481205435035e-08,2.0150616930044915e-08,True
star_edge_2,expanding,individual_2,16,9.060918345881337e-07,,8.056417832631287e-08,0.09759113182364598,True
star_edge_2,expanding,individual_2,32,8.101185665411426e-07,9.597326804699119e-08,1.5409089720678324e-08,0.018665746209465865,True
star_edge_2,expanding,individual_2,64,8.243666172546271e-07,1.4248050713484577e-08,1.161039007193747e-09,0.001406420485597295,True
star_edge_2,expanding,individual_2,128,8.255798550606835e-07,1.2132378060563902e-09,5.2198798862643114e-11,6.323082996275532e-05,True
star_edge_2,expanding,individual_2,256,8.255199296335275e-07,5.992542715597017e-11,7.72662829332706e-12,9.35962379299927e-06,True
star_edge_2,expanding,individual_2,512,8.255278327018792e-07,7.903068351616158e-12,1.7644005828909738e-13,2.1373003914618505e-07,True
star_edge_2,expanding,individual_2,1024,8.255283175775024e-07,4.848756232296014e-13,6.613156815186988e-13,8.010824065099022e-07,True
star_edge_2,expanding,individual_2,2048,8.255276221424821e-07,6.954350203257305e-13,3.411933880703168e-14,4.133034011426328e-08,True
star_edge_2,expanding,individual_3,16,9.060918345881337e-07,,8.056417832631287e-08,0.09759113182364598,True
star_edge_2,expanding,individual_3,32,8.101185665411426e-07,9.597326804699119e-08,1.5409089720678324e-08,0.018665746209465865,True
star_edge_2,expanding,individual_3,64,8.243666172546271e-07,1.4248050713484577e-08,1.161039007193747e-09,0.001406420485597295,True
star_edge_2,expanding,individual_3,128,8.255798550606835e-07,1.2132378060563902e-09,5.2198798862643114e-11,6.323082996275532e-05,True
star_edge_2,expanding,individual_3,256,8.255199296335275e-07,5.992542715597017e-11,7.72662829332706e-12,9.35962379299927e-06,True
star_edge_2,expanding,individual_3,512,8.255278327018792e-07,7.903068351616158e-12,1.7644005828909738e-13,2.1373003914618505e-07,True
star_edge_2,expanding,individual_3,1024,8.255283175775024e-07,4.848756232296014e-13,6.613156815186988e-13,8.010824065099022e-07,True
star_edge_2,expanding,individual_3,2048,8.255276221424821e-07,6.954350203257305e-13,3.411933880703168e-14,4.133034011426328e-08,True
star_edge_2,expanding,individual_4,16,0.0,,0.0,,True
star_edge_2,expanding,individual_4,32,0.0,0.0,0.0,,True
star_edge_2,expanding,individual_4,64,0.0,0.0,0.0,,True
star_edge_2,expanding,individual_4,128,0.0,0.0,0.0,,True
star_edge_2,expanding,individual_4,256,0.0,0.0,0.0,,True
star_edge_2,expanding,individual_4,512,0.0,0.0,0.0,,True
star_edge_2,expanding,individual_4,1024,0.0,0.0,0.0,,True
star_edge_2,expanding,individual_4,2048,0.0,0.0,0.0,,True
star_edge_2,expanding,union,16,0.7708333333333334,,0.009166666666666656,0.011752136752136738,True
star_edge_2,expanding,union,32,0.7792994181315104,0.00846608479817701,0.000700581868489647,0.0008981818826790345,True
star_edge_2,expanding,union,64,0.7800038655598959,0.0007044474283854907,3.865559895843695e-06,4.9558460203124295e-06,True
star_edge_2,expanding,union,128,0.7799902757008871,1.3589859008789062e-05,9.724299112945367e-06,1.2467050144801752e-05,True
star_edge_2,expanding,union,256,0.7800096590071917,1.9383306304576742e-05,9.659007191631375e-06,1.2383342553373557e-05,True
star_edge_2,expanding,union,512,0.7799991485662758,1.0510440915822983e-05,8.514337241916081e-07,1.0915816976815488e-06,True
star_edge_2,expanding,union,1024,0.7799999491423174,8.005760415707996e-07,5.0857682620808475e-08,6.520215720616471e-08,True
star_edge_2,expanding,union,2048,0.7800000157174812,6.657516382624351e-08,1.5717481205435035e-08,2.0150616930044915e-08,True
star_edge_2,expanding,maximum,16,0.7708333333333334,,0.009166666666666656,0.011752136752136738,True
star_edge_2,expanding,maximum,32,0.7792994181315104,0.00846608479817701,0.000700581868489647,0.0008981818826790345,True
star_edge_2,expanding,maximum,64,0.7800038655598959,0.0007044474283854907,3.865559895843695e-06,4.9558460203124295e-06,True
star_edge_2,expanding,maximum,128,0.7799902757008871,1.3589859008789062e-05,9.724299112945367e-06,1.2467050144801752e-05,True
star_edge_2,expanding,maximum,256,0.7800096590071917,1.9383306304576742e-05,9.659007191631375e-06,1.2383342553373557e-05,True
star_edge_2,expanding,maximum,512,0.7799991485662758,1.0510440915822983e-05,8.514337241916081e-07,1.0915816976815488e-06,True
star_edge_2,expanding,maximum,1024,0.7799999491423174,8.005760415707996e-07,5.0857682620808475e-08,6.520215720616471e-08,True
star_edge_2,expanding,maximum,2048,0.7800000157174812,6.657516382624351e-08,1.5717481205435035e-08,2.0150616930044915e-08,True
star_edge_2,constant_width,individual_1,16,0.7708333333333334,,0.009166666666666656,0.011752136752136738,True
star_edge_2,constant_width,individual_1,32,0.7792994181315104,0.00846608479817701,0.000700581868489647,0.0008981818826790345,True
star_edge_2,constant_width,individual_1,64,0.7800038655598959,0.0007044474283854907,3.865559895843695e-06,4.9558460203124295e-06,True
star_edge_2,constant_width,individual_1,128,0.7799902757008871,1.3589859008789062e-05,9.724299112945367e-06,1.2467050144801752e-05,True
star_edge_2,constant_width,individual_1,256,0.7800096590071917,1.9383306304576742e-05,9.659007191631375e-06,1.2383342553373557e-05,True
star_edge_2,constant_width,individual_1,512,0.7799991485662758,1.0510440915822983e-05,8.514337241916081e-07,1.0915816976815488e-06,True
star_edge_2,constant_width,individual_1,1024,0.7799999491423174,8.005760415707996e-07,5.0857682620808475e-08,6.520215720616471e-08,True
star_edge_2,constant_width,individual_1,2048,0.7800000157174812,6.657516382624351e-08,1.5717481205435035e-08,2.0150616930044915e-08,True
star_edge_2,constant_width,individual_2,16,8.760251879102023e-08,,3.3710815679826394e-08,0.6255288612844809,True
star_edge_2,constant_width,individual_2,32,4.651062413415908e-08,4.109189465686115e-08,7.3810789770347535e-09,0.13696132337487088,True
star_edge_2,constant_width,individual_2,64,5.4348347854624744e-08,7.837723720465666e-09,4.5664474343091254e-10,0.008473377478695102,True
star_edge_2,constant_width,individual_2,128,5.3941850608506305e-08,4.064972461184394e-10,5.0147497312473136e-11,0.0009305235206429579,True
star_edge_2,constant_width,individual_2,256,5.388427161121298e-08,5.757899729332712e-11,7.431499980853981e-12,0.00013789692200895365,True
star_edge_2,constant_width,individual_2,512,5.3890298612832576e-08,6.027001619598654e-12,1.4044983612553272e-12,2.606149518706896e-05,True
star_edge_2,constant_width,individual_2,1024,5.389190789133132e-08,1.6092784987421056e-12,2.0478013748677838e-13,3.799845350299266e-06,True
star_edge_2,constant_width,individual_2,2048,5.3891719699959285e-08,1.881913720334995e-13,1.6588765453278867e-14,3.078166859757902e-07,True
star_edge_2,constant_width,individual_3,16,8.760251879102023e-08,,3.3710815679826394e-08,0.6255288612844809,True
star_edge_2,constant_width,individual_3,32,4.651062413415908e-08,4.109189465686115e-08,7.3810789770347535e-09,0.13696132337487088,True
star_edge_2,constant_width,individual_3,64,5.4348347854624744e-08,7.837723720465666e-09,4.5664474343091254e-10,0.008473377478695102,True
star_edge_2,constant_width,individual_3,128,5.3941850608506305e-08,4.064972461184394e-10,5.0147497312473136e-11,0.0009305235206429579,True
star_edge_2,constant_width,individual_3,256,5.388427161121298e-08,5.757899729332712e-11,7.431499980853981e-12,0.00013789692200895365,True
star_edge_2,constant_width,individual_3,512,5.3890298612832576e-08,6.027001619598654e-12,1.4044983612553272e-12,2.606149518706896e-05,True
star_edge_2,constant_width,individual_3,1024,5.389190789133132e-08,1.6092784987421056e-12,2.0478013748677838e-13,3.799845350299266e-06,True
star_edge_2,constant_width,individual_3,2048,5.3891719699959285e-08,1.881913720334995e-13,1.6588765453278867e-14,3.078166859757902e-07,True
star_edge_2,constant_width,individual_4,16,0.0,,0.0,,True
star_edge_2,constant_width,individual_4,32,0.0,0.0,0.0,,True
star_edge_2,constant_width,individual_4,64,0.0,0.0,0.0,,True
star_edge_2,constant_width,individual_4,128,0.0,0.0,0.0,,True
star_edge_2,constant_width,individual_4,256,0.0,0.0,0.0,,True
star_edge_2,constant_width,individual_4,512,0.0,0.0,0.0,,True
star_edge_2,constant_width,individual_4,1024,0.0,0.0,0.0,,True
star_edge_2,constant_width,individual_4,2048,0.0,0.0,0.0,,True
star_edge_2,constant_width,union,16,0.7708333333333334,,0.009166666666666656,0.011752136752136738,True
star_edge_2,constant_width,union,32,0.7792994181315104,0.00846608479817701,0.000700581868489647,0.0008981818826790345,True
star_edge_2,constant_width,union,64,0.7800038655598959,0.0007044474283854907,3.865559895843695e-06,4.9558460203124295e-06,True
star_edge_2,constant_width,union,128,0.7799902757008871,1.3589859008789062e-05,9.724299112945367e-06,1.2467050144801752e-05,True
star_edge_2,constant_width,union,256,0.7800096590071917,1.9383306304576742e-05,9.659007191631375e-06,1.2383342553373557e-05,True
star_edge_2,constant_width,union,512,0.7799991485662758,1.0510440915822983e-05,8.514337241916081e-07,1.0915816976815488e-06,True
star_edge_2,constant_width,union,1024,0.7799999491423174,8.005760415707996e-07,5.0857682620808475e-08,6.520215720616471e-08,True
star_edge_2,constant_width,union,2048,0.7800000157174812,6.657516382624351e-08,1.5717481205435035e-08,2.0150616930044915e-08,True
star_edge_2,constant_width,maximum,16,0.7708333333333334,,0.009166666666666656,0.011752136752136738,True
star_edge_2,constant_width,maximum,32,0.7792994181315104,0.00846608479817701,0.000700581868489647,0.0008981818826790345,True
star_edge_2,constant_width,maximum,64,0.7800038655598959,0.0007044474283854907,3.865559895843695e-06,4.9558460203124295e-06,True
star_edge_2,constant_width,maximum,128,0.7799902757008871,1.3589859008789062e-05,9.724299112945367e-06,1.2467050144801752e-05,True
star_edge_2,constant_width,maximum,256,0.7800096590071917,1.9383306304576742e-05,9.659007191631375e-06,1.2383342553373557e-05,True
star_edge_2,constant_width,maximum,512,0.7799991485662758,1.0510440915822983e-05,8.514337241916081e-07,1.0915816976815488e-06,True
star_edge_2,constant_width,maximum,1024,0.7799999491423174,8.005760415707996e-07,5.0857682620808475e-08,6.520215720616471e-08,True
star_edge_2,constant_width,maximum,2048,0.7800000157174812,6.657516382624351e-08,1.5717481205435035e-08,2.0150616930044915e-08,True
star_edge_3,isotropic,individual_1,16,0.11845737838797782,,2.7137959767983832e-05,0.00022904224623186505,True
star_edge_3,isotropic,individual_1,32,0.11848295349160602,2.5575103628203144e-05,1.5628561397806884e-06,1.319038291209113e-05,True
star_edge_3,isotropic,individual_1,64,0.1184844237536154,1.4702620093759444e-06,9.259413040474396e-08,7.814871787380646e-07,True
star_edge_3,isotropic,individual_1,128,0.11848451063863731,8.688502191323e-08,5.709108491513959e-09,4.8184426687095776e-08,True
star_edge_3,isotropic,individual_1,256,0.11848451599213873,5.353501419946838e-09,3.556070715671211e-10,3.0012957180281105e-09,True
star_edge_3,isotropic,individual_1,512,0.11848451632553929,3.3340055716202244e-10,2.2206514405098687e-11,1.874212351926537e-10,True
star_edge_3,isotropic,individual_1,1024,0.1184845163463582,2.0818916035558743e-11,1.387598369539944e-12,1.1711221114051866e-11,True
star_edge_3,isotropic,individual_1,2048,0.1184845163476591,1.3008899513167194e-12,8.670841822322473e-14,7.31812230795964e-13,True
star_edge_3,isotropic,individual_2,16,1.9032623902740795e-15,,2.1962721606795643e-20,,True
star_edge_3,isotropic,individual_2,32,1.9032404203625475e-15,2.196991153199929e-20,7.189925203647636e-24,,True
star_edge_3,isotropic,individual_2,64,1.9032404301569313e-15,9.794383797684183e-24,2.6044585940365476e-24,,True
star_edge_3,isotropic,individual_2,128,1.9032404309107183e-15,7.537869660835278e-25,3.3582455601200754e-24,,True
star_edge_3,isotropic,individual_2,256,1.9032404309604686e-15,4.975030184866833e-26,3.407995861968744e-24,,True
star_edge_3,isotropic,individual_2,512,1.903240430963621e-15,3.152288177263163e-27,3.411148150146007e-24,,True
star_edge_3,isotropic,individual_2,1024,1.9032404309638177e-15,1.9682079585264245e-28,3.4113449709418595e-24,,True
star_edge_3,isotropic,individual_2,2048,1.903240430963831e-15,1.34106353887572e-29,3.411358381577248e-24,,True
star_edge_3,isotropic,individual_3,16,0.1947906480115844,,0.00013518576028678786,0.0006944873712933102,True
star_edge_3,isotropic,individual_3,32,0.19466348065366504,0.00012716735791937217,8.018402367415689e-06,4.1192794050978326e-05,True
star_edge_3,isotropic,individual_3,64,0.19465595100630648,7.529647358561764e-06,4.88755008853925e-07,2.510872303305564e-06,True
star_edge_3,isotropic,individual_3,128,0.19465549260608428,4.584002221974526e-07,3.03547866564724e-08,1.5594109872593645e-07,True
star_edge_3,isotropic,individual_3,256,0.19465546414547466,2.8460609619029853e-08,1.894177037442546e-09,9.730921575666798e-09,True
star_edge_3,isotropic,individual_3,512,0.1946554623696369,1.775837754625087e-09,1.1833928281745898e-10,6.079422660366167e-10,True
star_edge_3,isotropic,individual_3,1024,0.1946554622586931,1.1094380969467466e-10,7.395473122784324e-12,3.799263086302128e-11,True
star_edge_3,isotropic,individual_3,2048,0.1946554622517598,6.933287277632871e-12,4.621858451514527e-13,2.374379017192833e-12,True
star_edge_3,isotropic,individual_4,16,1.0448450252703838e-05,,2.0065366598113647e-07,0.019580176507514632,True
star_edge_3,isotropic,individual_4,32,1.0258327028559807e-05,1.9012322414403166e-07,1.0530441837104809e-08,0.0010275810754038883,True
star_edge_3,isotropic,individual_4,64,1.0248420481065835e-05,9.90654749397165e-09,6.238943431331582e-10,6.088082817153993e-05,True
star_edge_3,isotropic,individual_4,128,1.0247835054393055e-05,5.854266727795411e-10,3.846767035361716e-11,3.753750382151108e-06,True
star_edge_3,isotropic,individual_4,256,1.0247798982784238e-05,3.607160881772295e-11,2.396061535894214e-12,2.338123630399349e-07,True
star_edge_3,isotropic,individual_4,512,1.0247796736349103e-05,2.2464351342663114e-12,1.4962640162790274e-13,1.4600836419973674e-08,True
star_edge_3,isotropic,individual_4,1024,1.0247796596072353e-05,1.402767503121561e-13,9.349651315746638e-15,9.123572308080624e-10,True
star_edge_3,isotropic,individual_4,2048,1.0247796587307016e-05,8.76533749554452e-15,5.843138202021175e-16,5.70184834620126e-11,True
star_edge_3,isotropic,union,16,0.3132574291409482,,0.00010825278003911976,0.0003456907704408484,True
star_edge_3,isotropic,union,32,0.31315564243757965,0.00010178670336852269,6.466076670597065e-06,2.0648550782534445e-05,True
star_edge_3,isotropic,union,64,0.3131495731456818,6.0692918978366706e-06,3.967847727603946e-07,1.2670790879012062e-06,True
star_edge_3,isotropic,union,128,0.3131492010450549,3.721006269219451e-07,2.4684145838449467e-08,7.882551736301111e-08,True
star_edge_3,isotropic,union,256,0.3131491779018751,2.3143179816997872e-08,1.5409660214515952e-09,4.920868831140112e-09,True
star_edge_3,isotropic,union,512,0.3131491764571914,1.4446836504866667e-09,9.628237096492853e-11,3.0746487052535525e-10,True
star_edge_3,isotropic,union,1024,0.31314917636692624,9.026518421606511e-11,6.0171867488634234e-12,1.9215080872282182e-11,True
star_edge_3,isotropic,union,2048,0.3131491763612851,5.641154210422883e-12,3.760325384405405e-13,1.2008096039414694e-12,True
star_edge_3,isotropic,maximum,16,0.31323361413925044,,0.00010853761528401007,0.00034662702996801555,True
star_edge_3,isotropic,maximum,32,0.3131319828860069,0.00010163125324352817,6.906362040481895e-06,2.2056240647188425e-05,True
star_edge_3,isotropic,maximum,64,0.3131252717656991,6.7111203078118464e-06,1.952417326700484e-07,6.235263391787298e-07,True
star_edge_3,isotropic,maximum,128,0.3131251737490562,9.801664291320122e-08,9.722508975684718e-08,3.10499212762366e-07,True
star_edge_3,isotropic,maximum,256,0.3131250099507376,1.6379831857538107e-07,6.657322881853389e-08,2.1260906203224004e-07,True
star_edge_3,isotropic,maximum,512,0.31312507862204436,6.867130675214383e-08,2.098077933609943e-09,6.700446853062429e-09,True
star_edge_3,isotropic,maximum,1024,0.3131250774385778,1.183466546983425e-09,9.146113866265182e-10,2.920913894152819e-09,True
star_edge_3,isotropic,maximum,2048,0.31312507688473185,5.538459690868081e-10,3.6076541753971014e-10,1.1521447644647438e-09,True
star_edge_3,expanding,individual_1,16,0.14224554331188535,,0.0013411957039521916,0.009518483472802935,True
star_edge_3,expanding,individual_1,32,0.14158816429889096,0.0006573790129943968,0.0006838166909577947,0.0048530560097444055,True
star_edge_3,expanding,individual_1,64,0.14100841025633365,0.0005797540425573067,0.00010406264840048807,0.0007385339783130238,True
star_edge_3,expanding,individual_1,128,0.14089807079921124,0.00011033945712241033,6.276808721922267e-06,4.4546593689128095e-05,True
star_edge_3,expanding,individual_1,256,0.1409032767000634,5.205900852151002e-06,1.0709078697712648e-06,7.6002471744240974e-06,True
star_edge_3,expanding,individual_1,512,0.1409044614996582,1.1847995948222056e-06,1.138917250509408e-07,8.082910640049584e-07,True
star_edge_3,expanding,individual_1,1024,0.14090436647693755,9.502272066419515e-08,1.8869004386745658e-08,1.339135712068213e-07,True
star_edge_3,expanding,individual_1,2048,0.14090434589182427,2.0585113280624512e-08,1.7161088938788538e-09,1.2179247290892208e-08,True
star_edge_3,expanding,individual_2,16,0.0,,0.0,,True
star_edge_3,expanding,individual_2,32,0.0,0.0,0.0,,True
star_edge_3,expanding,individual_2,64,0.0,0.0,0.0,,True
star_edge_3,expanding,individual_2,128,0.0,0.0,0.0,,True
star_edge_3,expanding,individual_2,256,0.0,0.0,0.0,,True
star_edge_3,expanding,individual_2,512,0.0,0.0,0.0,,True
star_edge_3,expanding,individual_2,1024,0.0,0.0,0.0,,True
star_edge_3,expanding,individual_2,2048,0.0,0.0,0.0,,True
star_edge_3,expanding,individual_3,16,0.09834987729086213,,0.020710557065860016,0.26675345695763336,True
star_edge_3,expanding,individual_3,32,0.073676410975395,0.02467346631546713,0.003962909249607113,0.051042554701952965,True
star_edge_3,expanding,individual_3,64,0.07761206105071866,0.003935650075323663,2.7259174283450482e-05,0.00035110011530822545,True
star_edge_3,expanding,individual_3,128,0.07765546436542008,4.340331470141512e-05,1.6144140417964636e-05,0.000207937683781597,True
star_edge_3,expanding,individual_3,256,0.07763696601477511,1.849835064496319e-05,2.3542102269985543e-06,3.0322396179873178e-05,True
star_edge_3,expanding,individual_3,512,0.07763906146982397,2.095455048853334e-06,2.587551781452202e-07,3.3327852098052443e-06,True
star_edge_3,expanding,individual_3,1024,0.07763943278806178,3.713182378101143e-07,1.125630596648941e-07,1.4498202629631672e-06,True
star_edge_3,expanding,individual_3,2048,0.07763932003395156,1.1275411021527404e-07,1.9105055037993424e-10,2.4607447595659192e-09,True
star_edge_3,expanding,individual_4,16,0.0,,0.0,,True
star_edge_3,expanding,individual_4,32,0.0,0.0,0.0,,True
star_edge_3,expanding,individual_4,64,0.0,0.0,0.0,,True
star_edge_3,expanding,individual_4,128,0.0,0.0,0.0,,True
star_edge_3,expanding,individual_4,256,0.0,0.0,0.0,,True
star_edge_3,expanding,individual_4,512,0.0,0.0,0.0,,True
star_edge_3,expanding,individual_4,1024,0.0,0.0,0.0,,True
star_edge_3,expanding,individual_4,2048,0.0,0.0,0.0,,True
star_edge_3,expanding,union,16,0.23033042300550896,,0.019795853687507442,0.09402661877160341,True
star_edge_3,expanding,union,32,0.2076876408600584,0.02264278214545057,0.0028469284579431264,0.013522380040320072,True
star_edge_3,expanding,union,64,0.21061290415827036,0.0029252632982119664,7.833484026883997e-05,0.00037207590431630855,True
star_edge_3,expanding,union,128,0.2105426420139002,7.026214437017009e-05,8.07269589866988e-06,3.8343802278268574e-05,True
star_edge_3,expanding,union,256,0.2105314054310813,1.1236582818902052e-05,3.163886920232173e-06,1.5027873714426851e-05,True
star_edge_3,expanding,union,512,0.21053445457289074,3.0491418094580336e-06,1.1474511077413929e-07,5.450179091530701e-07,True
star_edge_3,expanding,union,1024,0.21053468865666583,2.340837750858249e-07,1.193386643116856e-07,5.668364330773193e-07,True
star_edge_3,expanding,union,2048,0.2105345673875109,1.2126915494015122e-07,1.93049062846562e-09,9.169471002881784e-09,True
star_edge_3,expanding,maximum,16,0.22971416480086848,,,,False
star_edge_3,expanding,maximum,32,0.20556342747121079,0.024150737329657695,,,False
star_edge_3,expanding,maximum,64,0.2088818059426459,0.003318378471435124,,,False
star_edge_3,expanding,maximum,128,0.20880484938061974,7.695656202616474e-05,,,False
star_edge_3,expanding,maximum,256,0.20874513071934286,5.971866127688075e-05,,,False
star_edge_3,expanding,maximum,512,0.20876421835095504,1.908763161218019e-05,,,False
star_edge_3,expanding,maximum,1024,0.20875688027423034,7.3380767247055445e-06,,,False
star_edge_3,expanding,maximum,2048,0.20875998925241088,3.1089781805382355e-06,,,False
star_edge_3,constant_width,individual_1,16,0.04341776463167637,,0.0008560869929688519,0.020114033103579725,True
star_edge_3,constant_width,individual_1,32,0.043290406126829724,0.00012735850484664468,0.0007287284881222073,0.017121704983251614,True
star_edge_3,constant_width,individual_1,64,0.04265216074677966,0.0006382453800500634,9.048310807214383e-05,0.002125929077331632,True
star_edge_3,constant_width,individual_1,128,0.04255686851721513,9.529222956453087e-05,4.809121492387047e-06,0.0001129918217324548,True
star_edge_3,constant_width,individual_1,256,0.042560787766297487,3.919249082356968e-06,8.898724100300792e-07,2.0907832101542656e-05,True
star_edge_3,constant_width,individual_1,512,0.04256177517664685,9.87410349366502e-07,9.753793933642285e-08,2.2916845563370707e-06,True
star_edge_3,constant_width,individual_1,1024,0.04256169351875807,8.165788878411462e-08,1.5880050552308234e-08,3.7310678134233594e-07,True
star_edge_3,constant_width,individual_1,2048,0.042561676205364295,1.7313393774198715e-08,1.4333432218904818e-09,3.367684972518411e-08,True
star_edge_3,constant_width,individual_2,16,0.0,,0.0,,True
star_edge_3,constant_width,individual_2,32,0.0,0.0,0.0,,True
star_edge_3,constant_width,individual_2,64,0.0,0.0,0.0,,True
star_edge_3,constant_width,individual_2,128,0.0,0.0,0.0,,True
star_edge_3,constant_width,individual_2,256,0.0,0.0,0.0,,True
star_edge_3,constant_width,individual_2,512,0.0,0.0,0.0,,True
star_edge_3,constant_width,individual_2,1024,0.0,0.0,0.0,,True
star_edge_3,constant_width,individual_2,2048,0.0,0.0,0.0,,True
star_edge_3,constant_width,individual_3,16,0.09834987729086213,,0.020710557065860016,0.26675345695763336,True
star_edge_3,constant_width,individual_3,32,0.073676410975395,0.02467346631546713,0.003962909249607113,0.051042554701952965,True
star_edge_3,constant_width,individual_3,64,0.07761206105071866,0.003935650075323663,2.7259174283450482e-05,0.00035110011530822545,True
star_edge_3,constant_width,individual_3,128,0.07765546436542008,4.340331470141512e-05,1.6144140417964636e-05,0.000207937683781597,True
star_edge_3,constant_width,individual_3,256,0.07763696601477511,1.849835064496319e-05,2.3542102269985543e-06,3.0322396179873178e-05,True
star_edge_3,constant_width,individual_3,512,0.07763906146982397,2.095455048853334e-06,2.587551781452202e-07,3.3327852098052443e-06,True
star_edge_3,constant_width,individual_3,1024,0.07763943278806178,3.713182378101143e-07,1.125630596648941e-07,1.4498202629631672e-06,True
star_edge_3,constant_width,individual_3,2048,0.07763932003395156,1.1275411021527404e-07,1.9105055037993424e-10,2.4607447595659192e-09,True
star_edge_3,constant_width,individual_4,16,0.0,,0.0,,True
star_edge_3,constant_width,individual_4,32,0.0,0.0,0.0,,True
star_edge_3,constant_width,individual_4,64,0.0,0.0,0.0,,True
star_edge_3,constant_width,individual_4,128,0.0,0.0,0.0,,True
star_edge_3,constant_width,individual_4,256,0.0,0.0,0.0,,True
star_edge_3,constant_width,individual_4,512,0.0,0.0,0.0,,True
star_edge_3,constant_width,individual_4,1024,0.0,0.0,0.0,,True
star_edge_3,constant_width,individual_4,2048,0.0,0.0,0.0,,True
star_edge_3,constant_width,union,16,0.14176625180385105,,0.02156613884006177,0.17941862372923598,True
star_edge_3,constant_width,union,32,0.11696603809299679,0.024800213710854266,0.003234074870792497,0.02690575566902149,True
star_edge_3,constant_width,union,64,0.12026333175032311,0.003297293657326325,6.321878653382795e-05,0.0005259461490928286,True
star_edge_3,constant_width,union,128,0.12021144733919087,5.1884411132241404e-05,1.133437540158655e-05,9.429587978008866e-05,True
star_edge_3,constant_width,union,256,0.12019686897505266,1.45783641382069e-05,3.2439887366203513e-06,2.6988233676599077e-05,True
star_edge_3,constant_width,union,512,0.12019995176329289,3.0827882402245654e-06,1.6120049639578582e-07,1.3411010391009204e-06,True
star_edge_3,constant_width,union,1024,0.12020024140411158,2.8964081869031766e-07,1.2844032229453184e-07,1.0685540897388753e-06,True
star_edge_3,constant_width,union,2048,0.120200111339211,1.3006490057199116e-07,1.624578277459321e-09,1.351561356642594e-08,True
star_edge_3,constant_width,maximum,16,0.14176615331622772,,0.021566710730153954,0.179424382227981,True
star_edge_3,constant_width,maximum,32,0.11696464081842839,0.024801512497799327,0.0032348017676453733,0.026911953150938785,True
star_edge_3,constant_width,maximum,64,0.12026271441761055,0.003298073599182161,6.32718315367875e-05,0.0005263903906332936,True
star_edge_3,constant_width,maximum,128,0.12021091619829183,5.179821931872164e-05,1.1473612218065865e-05,9.545478723705156e-05,True
star_edge_3,constant_width,maximum,256,0.12019618446426543,1.4731734026399157e-05,3.258121808333292e-06,2.71059643725068e-05,True
star_edge_3,constant_width,maximum,512,0.12019924031340125,3.055849135819022e-06,2.0227267251426984e-07,1.6828087398943148e-06,True
star_edge_3,constant_width,maximum,1024,0.12019956932588312,3.2901248187000576e-07,1.2673980935573592e-07,1.054412621464352e-06,True
star_edge_3,constant_width,maximum,2048,0.12019944572235015,1.23603532964367e-07,3.1362763913689307e-09,2.6092270678568837e-08,True
star_edge_4,isotropic,individual_1,16,0.0030449414428311127,,3.1257122794815795e-06,0.0010275810753712993,True
star_edge_4,isotropic,individual_1,32,0.0030420009188124437,2.940524018669056e-06,1.8518826081252368e-07,6.088082816868723e-05,True
star_edge_4,isotropic,individual_1,64,0.003041827148768592,1.737700438516135e-07,1.1418216960910194e-08,3.7537503821243992e-06,True
star_edge_4,isotropic,individual_1,128,0.0030418164417657556,1.0707002836424229e-08,7.112141244859649e-10,2.3381236323509534e-07,True
star_edge_4,isotropic,individual_1,256,0.0030418157749646873,6.668010683538728e-10,4.441305613209212e-11,1.4600837153287338e-08,True
star_edge_4,isotropic,individual_1,512,0.003041815733326855,4.1637832071117487e-11,2.775224060974635e-12,9.123577188126875e-10,True
star_edge_4,isotropic,individual_1,1024,0.003041815730725072,2.6017833720803907e-12,1.7344068889424413e-13,5.70188020109919e-11,True
star_edge_4,isotropic,individual_1,2048,0.0030418157305624697,1.6260213661634104e-13,1.083855227790309e-14,3.5631850309149156e-12,True
star_edge_4,isotropic,individual_2,16,2.3945358696857133e-24,,5.76798722179477e-25,,True
star_edge_4,isotropic,individual_2,32,1.8872155889091993e-24,5.07320280776514e-25,6.947844140296306e-26,,True
star_edge_4,isotropic,individual_2,64,1.823170310743433e-24,6.404527816576635e-26,5.433163237196711e-27,,True
star_edge_4,isotropic,individual_2,128,1.8180984011664415e-24,5.071909576991446e-27,3.6125366020526497e-28,,True
star_edge_4,isotropic,individual_2,256,1.8177600863690717e-24,3.383147973698052e-28,2.293886283545977e-29,,True
star_edge_4,isotropic,individual_2,512,1.8177385857003467e-24,2.1500668724997073e-29,1.4381941104626965e-30,,True
star_edge_4,isotropic,individual_2,1024,1.817737236250923e-24,1.3494494238859269e-30,8.874468657676961e-32,,True
star_edge_4,isotropic,individual_2,2048,1.817737151821555e-24,8.44293678363743e-32,4.315318740395313e-33,,True
star_edge_4,isotropic,individual_3,16,3.191557198821829e-24,,2.1045174995663826e-25,,True
star_edge_4,isotropic,individual_3,32,2.9985036005889858e-24,1.930535982328431e-25,1.7398151723795167e-26,,True
star_edge_4,isotropic,individual_3,64,2.9822800730031238e-24,1.622352758586197e-26,1.1746241379331965e-27,,True
star_edge_4,isotropic,individual_3,128,2.981180329176724e-24,1.09974382639976e-27,7.488031153343644e-29,,True
star_edge_4,isotropic,individual_3,256,2.9811101522237167e-24,7.017695300730437e-29,4.703358526132078e-30,,True
star_edge_4,isotropic,individual_3,512,2.981105743191463e-24,4.409032253715294e-30,2.9432627241678346e-31,,True
star_edge_4,isotropic,individual_3,1024,2.9811054672663105e-24,2.759251525419625e-31,1.8401119874820962e-32,,True
star_edge_4,isotropic,individual_3,2048,2.981105450015343e-24,1.725096734549248e-32,1.1501525293284821e-33,,True
star_edge_4,isotropic,individual_4,16,0.4116203960182083,,3.053537648955995e-06,7.418389202345655e-06,True
star_edge_4,isotropic,individual_4,32,0.41161755119006277,2.8448281455539792e-06,2.0870950340201588e-07,5.070474002486258e-07,True
star_edge_4,isotropic,individual_4,64,0.4116173557626379,1.9542742485390008e-07,1.3282078548115805e-08,3.226802463684609e-08,True
star_edge_4,isotropic,individual_4,128,0.41161734331425986,1.244837805058907e-08,8.337004975267348e-10,2.0254260729213817e-09,True
star_edge_4,isotropic,individual_4,256,0.4116173425327209,7.815389446719223e-10,5.21615528548125e-11,1.2672340902953107e-10,True
star_edge_4,isotropic,individual_4,512,0.4116173424838203,4.890060578688349e-11,3.2609470679290098e-12,7.922278124331032e-12,True
star_edge_4,isotropic,individual_4,1024,0.41161734248076315,3.0571656317590623e-12,2.0378143616994748e-13,4.95074952240556e-13,True
star_edge_4,isotropic,individual_4,2048,0.4116173424805721,1.9106938253798944e-13,1.2712053631958042e-14,3.0883182801167885e-14,True
star_edge_4,isotropic,union,16,0.4146571029011885,,6.178265401113325e-06,1.4899919508294993e-05,True
star_edge_4,isotropic,union,32,0.41465131847279274,5.784428395771979e-06,3.9383700534134647e-07,9.498037552605893e-07,True
star_edge_4,isotropic,union,64,0.4146509493323067,3.6914048606728755e-07,2.4696519274058915e-08,5.955978343892839e-08,True
star_edge_4,isotropic,union,128,0.41465092618046645,2.3151840222723763e-08,1.5446790513351516e-09,3.7252516745065386e-09,True
star_edge_4,isotropic,union,256,0.4146509247323473,1.4481191246140668e-09,9.655992672108482e-11,2.3287040009834574e-10,True
star_edge_4,isotropic,union,512,0.4146509246418227,9.052464333692001e-11,6.0352833841648135e-12,1.4555094479690265e-11,True
star_edge_4,isotropic,union,1024,0.41465092463616465,5.658029600397185e-12,3.772537837676282e-13,9.09810545096439e-13,True
star_edge_4,isotropic,union,2048,0.414650924635811,3.536615444943436e-13,2.3592239273284576e-14,5.689662767304099e-14,True
star_edge_4,isotropic,maximum,16,0.4141516384388788,,4.3178893267825647e-05,0.0001042695271552882,True
star_edge_4,isotropic,maximum,32,0.4141137250057944,3.7913433084402204e-05,5.265460183423443e-06,1.271517174317346e-05,True
star_edge_4,isotropic,maximum,64,0.41410477913246563,8.945873328780607e-06,3.6804131453571642e-06,8.887558465711069e-06,True
star_edge_4,isotropic,maximum,128,0.41410908218579395,4.303053328325035e-06,6.226401829678707e-07,1.5035678905257706e-06,True
star_edge_4,isotropic,maximum,256,0.4141085372002826,5.449855113304203e-07,7.765467163745043e-08,1.8752254354489308e-07,True
star_edge_4,isotropic,maximum,512,0.4141084012094647,1.3599081793991274e-07,5.833614630246231e-08,1.408716604497113e-07,True
star_edge_4,isotropic,maximum,1024,0.41410846927278877,6.806332408793025e-08,9.727177785467944e-09,2.348944476077907e-08,True
star_edge_4,isotropic,maximum,2048,0.4141084607611871,8.511601645722067e-09,1.2155761397458775e-09,2.9354052343670868e-09,True
star_edge_4,expanding,individual_1,16,0.0,,0.0,,True
star_edge_4,expanding,individual_1,32,0.0,0.0,0.0,,True
star_edge_4,expanding,individual_1,64,0.0,0.0,0.0,,True
star_edge_4,expanding,individual_1,128,0.0,0.0,0.0,,True
star_edge_4,expanding,individual_1,256,0.0,0.0,0.0,,True
star_edge_4,expanding,individual_1,512,0.0,0.0,0.0,,True
star_edge_4,expanding,individual_1,1024,0.0,0.0,0.0,,True
star_edge_4,expanding,individual_1,2048,0.0,0.0,0.0,,True
star_edge_4,expanding,individual_2,16,0.0,,0.0,,True
star_edge_4,expanding,individual_2,32,0.0,0.0,0.0,,True
star_edge_4,expanding,individual_2,64,0.0,0.0,0.0,,True
star_edge_4,expanding,individual_2,128,0.0,0.0,0.0,,True
star_edge_4,expanding,individual_2,256,0.0,0.0,0.0,,True
star_edge_4,expanding,individual_2,512,0.0,0.0,0.0,,True
star_edge_4,expanding,individual_2,1024,0.0,0.0,0.0,,True
star_edge_4,expanding,individual_2,2048,0.0,0.0,0.0,,True
star_edge_4,expanding,individual_3,16,0.0,,0.0,,True
star_edge_4,expanding,individual_3,32,0.0,0.0,0.0,,True
star_edge_4,expanding,individual_3,64,0.0,0.0,0.0,,True
star_edge_4,expanding,individual_3,128,0.0,0.0,0.0,,True
star_edge_4,expanding,individual_3,256,0.0,0.0,0.0,,True
star_edge_4,expanding,individual_3,512,0.0,0.0,0.0,,True
star_edge_4,expanding,individual_3,1024,0.0,0.0,0.0,,True
star_edge_4,expanding,individual_3,2048,0.0,0.0,0.0,,True
star_edge_4,expanding,individual_4,16,0.2321436775928634,,0.005562874467214457,0.02455139354471085,True
star_edge_4,expanding,individual_4,32,0.2267062916879444,0.00543738590491899,0.00012548856229546712,0.0005538358085255715,True
star_edge_4,expanding,individual_4,64,0.22656342552764352,0.00014286616030087518,1.7377598005408057e-05,7.669492633835984e-05,True
star_edge_4,expanding,individual_4,128,0.22657467018198466,1.1244654341130422e-05,6.132943664277635e-06,2.7067357779982138e-05,True
star_edge_4,expanding,individual_4,256,0.2265803081560349,5.637974050232142e-06,4.949696140454929e-07,2.1845169900426676e-06,True
star_edge_4,expanding,individual_4,512,0.22658091228605978,6.041300248949e-07,1.0916041084940709e-07,4.817725479985737e-07,True
star_edge_4,expanding,individual_4,1024,0.2265808321130849,8.017297487006303e-08,2.8987435979344056e-08,1.279342096923774e-07,True
star_edge_4,expanding,individual_4,2048,0.22658080238268083,2.9730404083050388e-08,7.429681037063318e-10,3.279042590798496e-09,True
star_edge_4,expanding,union,16,0.2321436775928634,,0.005562874467214457,0.02455139354471085,True
star_edge_4,expanding,union,32,0.2267062916879444,0.00543738590491899,0.00012548856229546712,0.0005538358085255715,True
star_edge_4,expanding,union,64,0.22656342552764352,0.00014286616030087518,1.7377598005408057e-05,7.669492633835984e-05,True
star_edge_4,expanding,union,128,0.22657467018198466,1.1244654341130422e-05,6.132943664277635e-06,2.7067357779982138e-05,True
star_edge_4,expanding,union,256,0.2265803081560349,5.637974050232142e-06,4.949696140454929e-07,2.1845169900426676e-06,True
star_edge_4,expanding,union,512,0.22658091228605978,6.041300248949e-07,1.0916041084940709e-07,4.817725479985737e-07,True
star_edge_4,expanding,union,1024,0.2265808321130849,8.017297487006303e-08,2.8987435979344056e-08,1.279342096923774e-07,True
star_edge_4,expanding,union,2048,0.22658080238268083,2.9730404083050388e-08,7.429681037063318e-10,3.279042590798496e-09,True
star_edge_4,expanding,maximum,16,0.2321436775928634,,0.005562874467214457,0.02455139354471085,True
star_edge_4,expanding,maximum,32,0.2267062916879444,0.00543738590491899,0.00012548856229546712,0.0005538358085255715,True
star_edge_4,expanding,maximum,64,0.22656342552764352,0.00014286616030087518,1.7377598005408057e-05,7.669492633835984e-05,True
star_edge_4,expanding,maximum,128,0.22657467018198466,1.1244654341130422e-05,6.132943664277635e-06,2.7067357779982138e-05,True
star_edge_4,expanding,maximum,256,0.2265803081560349,5.637974050232142e-06,4.949696140454929e-07,2.1845169900426676e-06,True
star_edge_4,expanding,maximum,512,0.22658091228605978,6.041300248949e-07,1.0916041084940709e-07,4.817725479985737e-07,True
star_edge_4,expanding,maximum,1024,0.2265808321130849,8.017297487006303e-08,2.8987435979344056e-08,1.279342096923774e-07,True
star_edge_4,expanding,maximum,2048,0.22658080238268083,2.9730404083050388e-08,7.429681037063318e-10,3.279042590798496e-09,True
star_edge_4,constant_width,individual_1,16,0.0,,0.0,,True
star_edge_4,constant_width,individual_1,32,0.0,0.0,0.0,,True
star_edge_4,constant_width,individual_1,64,0.0,0.0,0.0,,True
star_edge_4,constant_width,individual_1,128,0.0,0.0,0.0,,True
star_edge_4,constant_width,individual_1,256,0.0,0.0,0.0,,True
star_edge_4,constant_width,individual_1,512,0.0,0.0,0.0,,True
star_edge_4,constant_width,individual_1,1024,0.0,0.0,0.0,,True
star_edge_4,constant_width,individual_1,2048,0.0,0.0,0.0,,True
star_edge_4,constant_width,individual_2,16,0.0,,0.0,,True
star_edge_4,constant_width,individual_2,32,0.0,0.0,0.0,,True
star_edge_4,constant_width,individual_2,64,0.0,0.0,0.0,,True
star_edge_4,constant_width,individual_2,128,0.0,0.0,0.0,,True
star_edge_4,constant_width,individual_2,256,0.0,0.0,0.0,,True
star_edge_4,constant_width,individual_2,512,0.0,0.0,0.0,,True
star_edge_4,constant_width,individual_2,1024,0.0,0.0,0.0,,True
star_edge_4,constant_width,individual_2,2048,0.0,0.0,0.0,,True
star_edge_4,constant_width,individual_3,16,0.0,,0.0,,True
star_edge_4,constant_width,individual_3,32,0.0,0.0,0.0,,True
star_edge_4,constant_width,individual_3,64,0.0,0.0,0.0,,True
star_edge_4,constant_width,individual_3,128,0.0,0.0,0.0,,True
star_edge_4,constant_width,individual_3,256,0.0,0.0,0.0,,True
star_edge_4,constant_width,individual_3,512,0.0,0.0,0.0,,True
star_edge_4,constant_width,individual_3,1024,0.0,0.0,0.0,,True
star_edge_4,constant_width,individual_3,2048,0.0,0.0,0.0,,True
star_edge_4,constant_width,individual_4,16,0.22991188388722683,,0.005536709368981568,0.024676122841439153,True
star_edge_4,constant_width,individual_4,32,0.22450092719334405,0.005410956693882779,0.00012575267509878918,0.0005604571689750975,True
star_edge_4,constant_width,individual_4,64,0.22435789899450231,0.00014302819884173812,1.727552374294894e-05,7.699391779879893e-05,True
star_edge_4,constant_width,individual_4,128,0.2243690450066195,1.11460121171858e-05,6.12951162576314e-06,2.7318136415598478e-05,True
star_edge_4,constant_width,individual_4,256,0.2243746786973554,5.63369073589004e-06,4.958208898730998e-07,2.2097849770487053e-06,True
star_edge_4,constant_width,individual_4,512,0.2243752833341979,6.04636842510553e-07,1.0881595263745325e-07,4.84973227858614e-07,True
star_edge_4,constant_width,individual_4,1024,0.2243752034242107,7.990998721063569e-08,2.890596542681756e-08,1.2882871507011148e-07,True
star_edge_4,constant_width,individual_4,2048,0.22437517378494867,2.9639262016933898e-08,7.332965901163391e-10,3.2681716758139408e-09,True
star_edge_4,constant_width,union,16,0.22991188388722683,,0.005536709368981568,0.024676122841439153,True
star_edge_4,constant_width,union,32,0.22450092719334405,0.005410956693882779,0.00012575267509878918,0.0005604571689750975,True
star_edge_4,constant_width,union,64,0.22435789899450231,0.00014302819884173812,1.727552374294894e-05,7.699391779879893e-05,True
star_edge_4,constant_width,union,128,0.2243690450066195,1.11460121171858e-05,6.12951162576314e-06,2.7318136415598478e-05,True
star_edge_4,constant_width,union,256,0.2243746786973554,5.63369073589004e-06,4.958208898730998e-07,2.2097849770487053e-06,True
star_edge_4,constant_width,union,512,0.2243752833341979,6.04636842510553e-07,1.0881595263745325e-07,4.84973227858614e-07,True
star_edge_4,constant_width,union,1024,0.2243752034242107,7.990998721063569e-08,2.890596542681756e-08,1.2882871507011148e-07,True
star_edge_4,constant_width,union,2048,0.22437517378494867,2.9639262016933898e-08,7.332965901163391e-10,3.2681716758139408e-09,True
star_edge_4,constant_width,maximum,16,0.22991188388722683,,0.005536709368981568,0.024676122841439153,True
star_edge_4,constant_width,maximum,32,0.22450092719334405,0.005410956693882779,0.00012575267509878918,0.0005604571689750975,True
star_edge_4,constant_width,maximum,64,0.22435789899450231,0.00014302819884173812,1.727552374294894e-05,7.699391779879893e-05,True
star_edge_4,constant_width,maximum,128,0.2243690450066195,1.11460121171858e-05,6.12951162576314e-06,2.7318136415598478e-05,True
star_edge_4,constant_width,maximum,256,0.2243746786973554,5.63369073589004e-06,4.958208898730998e-07,2.2097849770487053e-06,True
star_edge_4,constant_width,maximum,512,0.2243752833341979,6.04636842510553e-07,1.0881595263745325e-07,4.84973227858614e-07,True
star_edge_4,constant_width,maximum,1024,0.2243752034242107,7.990998721063569e-08,2.890596542681756e-08,1.2882871507011148e-07,True
star_edge_4,constant_width,maximum,2048,0.22437517378494867,2.9639262016933898e-08,7.332965901163391e-10,3.2681716758139408e-09,True
